METER_ID,OFFSET_TIME,RUN_YEARS,COLL_FAIL_U_7D,TEMP_ERR_RATE,COLL_COMPLETE_U,DEPTH,voltage_t001,voltage_t002,voltage_t003,voltage_t004,voltage_t005,voltage_t006,voltage_t007,voltage_t008,voltage_t009,voltage_t010,voltage_t011,voltage_t012,voltage_t013,voltage_t014,voltage_t015,voltage_t016,voltage_t017,voltage_t018,voltage_t019,voltage_t020,voltage_t021,voltage_t022,voltage_t023,voltage_t024,current_t001,current_t002,current_t003,current_t004,current_t005,current_t006,current_t007,current_t008,current_t009,current_t010,current_t011,current_t012,current_t013,current_t014,current_t015,current_t016,current_t017,current_t018,current_t019,current_t020,current_t021,current_t022,current_t023,current_t024,active_power_t001,active_power_t002,active_power_t003,active_power_t004,active_power_t005,active_power_t006,active_power_t007,active_power_t008,active_power_t009,active_power_t010,active_power_t011,active_power_t012,active_power_t013,active_power_t014,active_power_t015,active_power_t016,active_power_t017,active_power_t018,active_power_t019,active_power_t020,active_power_t021,active_power_t022,active_power_t023,active_power_t024,power_factor_t001,power_factor_t002,power_factor_t003,power_factor_t004,power_factor_t005,power_factor_t006,power_factor_t007,power_factor_t008,power_factor_t009,power_factor_t010,power_factor_t011,power_factor_t012,power_factor_t013,power_factor_t014,power_factor_t015,power_factor_t016,power_factor_t017,power_factor_t018,power_factor_t019,power_factor_t020,power_factor_t021,power_factor_t022,power_factor_t023,power_factor_t024,POWER_COLL_FLAG,PARAM_FLAG,CLOCK_FLAG,AGING_FLAG,ENV_FLAG
8000000054876817,24,5.69,0.0,0.0,1.0,1,233.7,234.9,236.4,235.1,234.9,233.9,234.7,234.6,233.7,233.8,231.2,234.3,233.6,233.2,232.9,233.4,232.4,233.0,233.0,231.5,233.6,234.1,234.3,231.9,0.882,0.403,0.404,0.69,0.688,0.689,0.689,0.675,0.389,0.402,0.407,0.39,0.687,0.693,0.701,0.711,0.616,0.402,0.402,0.399,0.644,0.401,0.887,0.89,0.169,0.0576,0.0587,0.1168,0.1164,0.1172,0.1171,0.115,0.0573,0.0586,0.058,0.0575,0.117,0.1164,0.1185,0.1201,0.1001,0.0575,0.0586,0.0575,0.1071,0.0582,0.1702,0.1683,0.819,0.608,0.614,0.72,0.72,0.727,0.724,0.726,0.63,0.624,0.617,0.629,0.729,0.72,0.726,0.723,0.699,0.614,0.626,0.622,0.712,0.62,0.819,0.815,0,0,0,0,1
8000000051803773,252,6.92,0.0,0.0,0.96,1,231.7,233.8,235.1,236.5,237.2,236.2,236.8,235.9,233.1,233.9,234.0,234.3,231.6,232.9,232.5,233.4,233.1,233.0,232.9,234.1,233.9,234.7,233.0,233.8,0.0,0.0,0.0,0.0,0.0,0.0,0.0,0.0,0.0,0.0,0.0,0.0,0.0,0.0,0.0,0.0,0.0,0.0,0.0,0.0,0.0,0.0,0.0,0.0,0.0,0.0,0.0,0.0,0.0,0.0,0.0,0.0,0.0,0.0,0.0,0.0,0.0,0.0,0.0,0.0,0.0,0.0,0.0,0.0,0.0,0.0,0.0,0.0,1.0,1.0,1.0,1.0,1.0,1.0,1.0,1.0,1.0,1.0,1.0,1.0,1.0,1.0,1.0,1.0,1.0,1.0,1.0,1.0,1.0,1.0,1.0,1.0,0,0,1,0,0
8000000056374333,12,5.39,0.0,0.0,1.0,3,217.9,206.4,213.3,226.0,218.2,216.9,221.3,209.7,226.0,205.0,208.6,204.7,206.5,194.9,209.2,216.7,216.4,216.8,200.3,213.7,204.4,218.7,233.7,222.4,0.0,0.0,0.0,0.0,0.0,0.0,0.0,0.0,0.0,0.0,0.0,0.0,0.0,0.0,0.0,0.0,0.0,0.0,0.0,0.0,0.0,0.0,0.0,0.0,0.0,0.0,0.0,0.0,0.0,0.0,0.0,0.0,0.0,0.0,0.0,0.0,0.0,0.0,0.0,0.0,0.0,0.0,0.0,0.0,0.0,0.0,0.0,0.0,1.0,1.0,1.0,1.0,1.0,1.0,1.0,1.0,1.0,1.0,1.0,1.0,1.0,1.0,1.0,1.0,1.0,1.0,1.0,1.0,1.0,1.0,1.0,1.0,0,1,0,0,0
6525051300012070,14,1.03,0.29,0.0,0.5,1,233.8,234.4,235.3,235.5,235.7,236.3,236.2,236.3,234.2,235.2,235.3,234.2,233.6,233.2,232.6,232.7,232.9,233.6,233.5,234.2,233.2,234.2,234.2,233.6,0.0,0.0,0.0,0.0,0.0,0.0,0.0,0.0,0.0,0.0,0.0,0.0,0.0,0.0,0.0,0.0,0.0,0.0,0.0,0.0,0.0,0.0,0.0,0.0,0.0,0.0,0.0,0.0,0.0,0.0,0.0,0.0,0.0,0.0,0.0,0.0,0.0,0.0,0.0,0.0,0.0,0.0,0.0,0.0,0.0,0.0,0.0,0.0,1.0,1.0,1.0,1.0,1.0,1.0,1.0,1.0,1.0,1.0,1.0,1.0,1.0,1.0,1.0,1.0,1.0,1.0,1.0,1.0,1.0,1.0,1.0,1.0,0,1,0,0,0
8000000048251646,50,7.98,0.0,0.0,1.0,2,231.4,233.4,234.4,235.4,235.7,235.2,235.2,233.7,230.4,232.2,229.5,228.4,225.8,224.3,226.4,228.5,227.5,227.2,225.1,224.8,224.5,226.7,226.1,228.1,0.0,0.0,0.0,0.0,0.0,0.0,0.0,0.0,0.0,0.0,0.0,0.0,0.0,0.0,0.0,0.0,0.0,0.0,0.0,0.0,0.0,0.0,0.0,0.0,0.0,0.0,0.0,0.0,0.0,0.0,0.0,0.0,0.0,0.0,0.0,0.0,0.0,0.0,0.0,0.0,0.0,0.0,0.0,0.0,0.0,0.0,0.0,0.0,1.0,1.0,1.0,1.0,1.0,1.0,1.0,1.0,1.0,1.0,1.0,1.0,1.0,1.0,1.0,1.0,1.0,1.0,1.0,1.0,1.0,1.0,1.0,1.0,0,0,0,0,1
8000000059376994,265,4.13,0.0,0.0,1.0,2,234.3,238.7,240.6,244.4,240.8,240.5,245.3,240.3,235.5,238.2,239.1,236.3,241.6,243.2,233.1,237.6,242.5,232.5,234.1,233.4,238.6,235.7,229.8,228.1,0.0,0.0,0.0,0.0,0.0,0.0,0.0,0.0,0.0,0.0,0.0,0.0,0.0,0.0,0.0,0.0,0.0,0.0,0.0,0.0,0.0,0.0,0.0,0.0,0.0,0.0,0.0,0.0,0.0,0.0,0.0,0.0,0.0,0.0,0.0,0.0,0.0,0.0,0.0,0.0,0.0,0.0,0.0,0.0,0.0,0.0,0.0,0.0,1.0,1.0,1.0,1.0,1.0,1.0,1.0,1.0,1.0,1.0,1.0,1.0,1.0,1.0,1.0,1.0,1.0,1.0,1.0,1.0,1.0,1.0,1.0,1.0,0,0,1,0,0
6525051300012282,23,1.03,0.0,0.0,1.0,1,232.5,233.5,234.5,234.55,234.6,234.7,235.5,234.05,232.6,234.1,234.3,233.5,233.0,232.9,234.3,233.9,234.5,234.0,234.1,234.7,234.1,232.5,233.7,232.5,0.277,0.277,0.273,0.277,0.281,0.282,0.28,0.2215,0.163,0.165,0.164,0.163,0.162,0.163,0.164,0.165,0.163,0.164,0.163,0.164,0.162,0.162,0.276,0.282,0.0499,0.05,0.0501,0.0501,0.0501,0.05,0.0502,0.03785,0.0255,0.0258,0.0257,0.0256,0.0255,0.0256,0.0257,0.0258,0.0258,0.0257,0.0256,0.0258,0.0256,0.0255,0.0486,0.0499,0.774,0.773,0.782,0.771,0.76,0.756,0.761,0.7165,0.672,0.668,0.669,0.673,0.676,0.675,0.669,0.67,0.675,0.671,0.671,0.671,0.675,0.678,0.753,0.761,0,1,0,0,0
8000000044910144,4,10.86,0.86,0.0,0.13,5,229.0,230.1,229.1,229.7,229.9,231.0,231.1,229.7,231.0,229.7,229.2,230.4,231.5,232.6,230.1,230.2,231.1,229.8,230.8,229.3,205.7,229.5,228.1,229.9,0.0,0.0,0.0,0.0,0.0,0.0,0.0,0.0,0.0,0.0,0.0,0.0,0.0,0.0,0.0,0.0,0.0,0.0,0.0,0.0,0.016,0.0,0.0,0.0,0.0,0.0,0.0,0.0,0.0,0.0,0.0,0.0,0.0,0.0,0.0,0.0,0.0,0.0,0.0,0.0,0.0,0.0,0.0,0.0,0.0,0.0,0.0,0.0,1.0,1.0,1.0,1.0,1.0,1.0,1.0,1.0,1.0,1.0,1.0,1.0,1.0,1.0,1.0,1.0,1.0,1.0,1.0,1.0,0.212,1.0,1.0,1.0,0,0,0,1,0
8000000061659136,53,2.78,0.0,0.0,0.88,1,227.4,227.4,229.6,230.4,231.1,230.8,231.4,231.6,228.3,228.7,226.1,223.1,222.3,222.2,222.0,223.4,224.2,222.4,225.9,227.2,227.3,227.4,228.0,224.8,1.07,1.07,0.569,0.215,0.528,0.496,0.196,1.004,0.544,0.391,0.901,0.193,0.189,0.46,0.279,2.164,0.271,0.404,0.961,0.195,1.079,0.54,0.456,0.973,0.2018,0.2018,0.1025,0.0284,0.1097,0.0897,0.0252,0.1953,0.1045,0.0548,0.159,0.0237,0.0228,0.0801,0.0366,0.4634,0.0364,0.0625,0.1714,0.0242,0.2075,0.1008,0.0729,0.1807,0.829,0.829,0.784,0.573,0.899,0.784,0.556,0.84,0.842,0.612,0.78,0.551,0.542,0.783,0.591,1.0,0.599,0.695,0.789,0.546,0.846,0.821,0.701,0.826,1,0,0,0,0
8000000053972275,59,6.08,0.0,0.0,0.96,1,233.7,233.9,234.1,235.2,235.9,235.9,235.7,236.2,233.9,234.2,234.9,235.2,235.0,232.9,232.3,233.4,234.0,233.7,232.9,233.7,232.8,233.4,234.2,234.9,0.0,0.0,0.0,0.0,0.0,0.0,0.0,0.0,0.0,0.0,0.0,0.0,0.0,0.0,0.0,0.0,0.0,0.0,0.0,0.0,0.0,0.0,0.0,0.0,0.0,0.0,0.0,0.0,0.0,0.0,0.0,0.0,0.0,0.0,0.0,0.0,0.0,0.0,0.0,0.0,0.0,0.0,0.0,0.0,0.0,0.0,0.0,0.0,1.0,1.0,1.0,1.0,1.0,1.0,1.0,1.0,1.0,1.0,1.0,1.0,1.0,1.0,1.0,1.0,1.0,1.0,1.0,1.0,1.0,1.0,1.0,1.0,1,0,0,0,0
8000000059520584,7,4.1,0.0,0.0,0.96,1,233.1,235.1,236.6,235.9,236.5,236.2,236.2,235.7,236.0,236.3,235.4,235.2,235.0,234.7,232.6,233.9,233.8,234.4,234.9,235.0,233.7,234.9,230.4,233.0,0.0,0.0,0.0,0.0,0.0,0.0,0.0,0.0,0.0,0.0,0.0,0.0,0.0,0.0,0.0,0.0,0.0,0.0,0.0,0.0,0.0,0.0,0.0,0.0,0.0,0.0,0.0,0.0,0.0,0.0,0.0,0.0,0.0,0.0,0.0,0.0,0.0,0.0,0.0,0.0,0.0,0.0,0.0,0.0,0.0,0.0,0.0,0.0,1.0,1.0,1.0,1.0,1.0,1.0,1.0,1.0,1.0,1.0,1.0,1.0,1.0,1.0,1.0,1.0,1.0,1.0,1.0,1.0,1.0,1.0,1.0,1.0,1,0,0,0,0
8000000048538665,30,7.79,0.0,0.0,1.0,1,233.0,226.6,226.1,231.2,232.7,231.4,230.4,229.4,218.6,224.5,205.9,222.3,219.9,224.9,211.7,221.2,220.0,230.4,225.5,224.6,226.6,220.0,213.8,226.2,1.49,1.598,0.852,1.147,0.605,0.951,0.685,0.635,0.782,0.138,9.902,3.634,11.313,3.834,11.76,2.736,1.864,1.326,0.967,0.647,1.09,2.496,17.449,2.244,0.286,0.3062,0.1088,0.1796,0.0787,0.1538,0.1012,0.0957,0.1177,0.016,2.0354,0.5237,2.4209,0.6182,2.4081,0.4434,0.312,0.2031,0.1562,0.0911,0.1752,0.4127,3.6989,0.4723,0.941,1.0,1.0,0.832,1.0,0.804,1.0,1.0,0.779,0.8,1.0,1.0,1.0,1.0,1.0,1.0,1.0,1.0,0.821,1.0,0.851,0.785,1.0,1.0,1,0,0,0,0
8000000046804040,82,8.95,0.0,0.0,1.0,2,225.5,228.1,230.0,229.7,231.2,231.7,230.0,230.9,229.3,225.7,228.3,222.5,221.8,223.6,227.0,224.0,227.9,224.3,228.2,224.6,225.8,227.0,226.0,226.0,0.0,0.0,0.0,0.0,0.0,0.0,0.0,0.0,0.0,0.0,0.0,0.0,0.0,0.0,0.0,0.0,0.0,0.0,0.0,0.0,0.0,0.0,0.0,0.0,0.0,0.0,0.0,0.0,0.0,0.0,0.0,0.0,0.0,0.0,0.0,0.0,0.0,0.0,0.0,0.0,0.0,0.0,0.0,0.0,0.0,0.0,0.0,0.0,1.0,1.0,1.0,1.0,1.0,1.0,1.0,1.0,1.0,1.0,1.0,1.0,1.0,1.0,1.0,1.0,1.0,1.0,1.0,1.0,1.0,1.0,1.0,1.0,0,0,1,0,0
8000000054007357,14,6.05,0.0,0.0,1.0,1,235.4,235.6,238.3,235.1,235.4,235.9,235.7,234.8,234.9,234.1,232.3,234.2,234.8,233.5,233.9,233.8,233.5,233.3,234.1,232.9,231.9,233.7,234.9,233.5,0.0,0.0,0.0,0.0,0.0,0.0,0.0,0.0,0.0,0.0,0.0,0.0,0.0,0.0,0.0,0.0,0.0,0.0,0.0,0.0,0.0,0.0,0.0,0.0,0.0,0.0,0.0,0.0,0.0,0.0,0.0,0.0,0.0,0.0,0.0,0.0,0.0,0.0,0.0,0.0,0.0,0.0,0.0,0.0,0.0,0.0,0.0,0.0,1.0,1.0,1.0,1.0,1.0,1.0,1.0,1.0,1.0,1.0,1.0,1.0,1.0,1.0,1.0,1.0,1.0,1.0,1.0,1.0,1.0,1.0,1.0,1.0,0,0,0,0,1
6525021300054643,13,1.28,0.14,0.0,0.96,2,221.7,225.4,225.6,222.5,229.1,227.5,228.5,228.8,226.3,221.9,222.7,223.6,224.4,221.6,225.2,225.5,229.4,226.7,225.4,228.1,228.1,227.9,223.5,226.3,0.541,0.569,0.564,0.563,0.565,0.558,0.545,0.532,0.547,0.599,0.599,0.475,0.469,0.36,0.368,0.36,0.363,0.358,0.353,0.36,0.45,0.56,0.572,0.565,0.0825,0.084,0.0835,0.083,0.0843,0.0848,0.0854,0.0842,0.0835,0.0858,0.0849,0.0717,0.0712,0.0574,0.058,0.0576,0.0581,0.0577,0.0577,0.058,0.0724,0.0866,0.0849,0.085,0.881,0.841,0.837,0.853,0.829,0.845,0.857,0.856,0.859,0.863,0.848,0.829,0.828,0.808,0.783,0.797,0.775,0.795,0.809,0.786,0.839,0.864,0.867,0.847,1,0,0,0,0
8000000047228374,29,8.56,0.29,0.0,0.58,3,222.6,224.9,223.8,225.0,226.1,226.3,226.4,225.3,224.1,220.2,223.8,220.8,221.9,227.0,218.2,220.85,223.5,220.9,221.8,223.1,222.8,225.8,225.2,226.3,0.0,0.0,0.0,0.0,0.0,0.0,0.0,0.0,0.0,0.0,0.0,0.0,0.0,0.0,0.0,0.0,0.0,0.0,0.0,0.0,0.0,0.0,0.0,0.0,0.0,0.0,0.0,0.0,0.0,0.0,0.0,0.0,0.0,0.0,0.0,0.0,0.0,0.0,0.0,0.0,0.0,0.0,0.0,0.0,0.0,0.0,0.0,0.0,1.0,1.0,1.0,1.0,1.0,1.0,1.0,1.0,1.0,1.0,1.0,1.0,1.0,1.0,1.0,1.0,1.0,1.0,1.0,1.0,1.0,1.0,1.0,1.0,0,1,0,0,0
6524091300004910,5,1.69,0.14,0.0,0.75,1,227.4,228.7,230.8,227.9,228.9,228.6,228.3,227.5,227.7,227.9,226.3,225.9,224.1,224.2,224.0,225.0,225.1,224.8,224.5,224.7,225.2,225.4,226.6,227.4,0.599,0.588,0.58,0.586,0.582,0.583,0.589,0.585,0.5914999999999999,0.598,0.609,0.595,0.6,0.598,0.648,0.598,0.588,0.597,0.603,0.595,0.604,0.593,0.62,0.81,0.1233,0.1234,0.1225,0.123,0.1228,0.1229,0.1238,0.123,0.1239,0.1248,0.1265,0.1242,0.1238,0.1235,0.1345,0.1244,0.1225,0.1235,0.1253,0.1234,0.1254,0.1227,0.1289,0.1654,0.905,0.918,0.915,0.921,0.921,0.922,0.921,0.924,0.92,0.916,0.917,0.924,0.921,0.921,0.926,0.924,0.925,0.92,0.926,0.923,0.922,0.918,0.918,0.898,0,1,0,0,0
6524102200024202,1,1.59,0.0,0.0,1.0,4,219.0,225.3,222.6,227.7,226.9,224.2,224.7,224.5,223.0,220.0,220.6,220.5,220.3,214.1,214.0,221.4,221.9,223.3,221.1,219.1,220.1,215.3,222.2,222.0,1.152,1.184,1.163,2.0,2.007,1.171,1.168,1.174,1.947,1.15,1.157,1.141,2.134,10.663,1.129,1.952,1.167,1.428,1.894,1.168,1.158,7.112,1.168,1.22,0.1985,0.2023,0.2001,0.2989,0.3033,0.2003,0.2017,0.2015,0.2945,0.1972,0.1991,0.1966,0.3644,2.2813,0.1948,0.2961,0.201,0.2709,0.2985,0.2137,0.2008,1.5135,0.2025,0.219,0.787,0.758,0.773,0.656,0.666,0.763,0.768,0.764,0.678,0.779,0.78,0.781,0.775,1.0,0.806,0.685,0.776,0.849,0.712,0.835,0.788,1.0,0.78,0.808,0,0,1,0,0
6525061200021644,17,0.95,0.0,0.0,1.0,1,232.9,233.8,234.7,235.2,235.8,235.0,236.1,234.9,234.3,234.1,231.6,224.8,223.0,222.4,222.0,222.8,223.3,223.0,223.5,223.7,223.2,223.3,226.7,230.9,0.0,0.0,0.0,0.0,0.0,0.0,0.0,0.0,0.0,0.0,0.0,0.0,0.0,0.0,0.0,0.0,0.0,0.0,0.0,0.0,0.0,0.0,0.0,0.0,0.0,0.0,0.0,0.0,0.0,0.0,0.0,0.0,0.0,0.0,0.0,0.0,0.0,0.0,0.0,0.0,0.0,0.0,0.0,0.0,0.0,0.0,0.0,0.0,1.0,1.0,1.0,1.0,1.0,1.0,1.0,1.0,1.0,1.0,1.0,1.0,1.0,1.0,1.0,1.0,1.0,1.0,1.0,1.0,1.0,1.0,1.0,1.0,0,0,0,0,1
6524072200009151,265,1.84,0.0,0.0,1.0,1,230.4,231.6,233.3,233.9,234.6,234.2,234.6,233.9,233.2,232.0,231.1,230.9,229.3,230.5,230.7,231.4,230.4,231.6,231.3,230.5,232.1,230.1,230.9,230.9,0.0,0.0,0.0,0.0,0.0,0.0,0.0,0.0,0.0,0.0,0.0,0.0,0.0,0.0,0.0,0.0,0.0,0.0,0.0,0.0,0.0,0.0,0.0,0.0,0.0,0.0,0.0,0.0,0.0,0.0,0.0,0.0,0.0,0.0,0.0,0.0,0.0,0.0,0.0,0.0,0.0,0.0,0.0,0.0,0.0,0.0,0.0,0.0,1.0,1.0,1.0,1.0,1.0,1.0,1.0,1.0,1.0,1.0,1.0,1.0,1.0,1.0,1.0,1.0,1.0,1.0,1.0,1.0,1.0,1.0,1.0,1.0,0,0,1,0,0
8000000059263122,46,4.21,0.0,0.0,1.0,1,236.5,237.1,238.9,237.1,237.3,235.9,236.8,236.7,234.6,235.2,233.7,236.3,235.95,235.6,236.0,234.9,236.1,237.4,236.0,234.5,237.6,236.8,235.4,236.0,0.377,0.694,0.373,0.658,0.376,0.665,0.367,0.661,0.377,0.699,0.372,0.67,0.782,0.894,0.946,0.702,0.37,0.658,0.37,0.686,0.699,0.395,0.721,0.376,0.0355,0.0864,0.0357,0.0867,0.0368,0.0885,0.0355,0.0866,0.0361,0.0853,0.0345,0.0825,0.12925,0.176,0.1304,0.0889,0.0343,0.082,0.0343,0.0839,0.0872,0.0366,0.0869,0.0343,0.398,0.525,0.4,0.555,0.412,0.564,0.408,0.553,0.408,0.518,0.397,0.521,0.6779999999999999,0.835,0.584,0.539,0.392,0.524,0.392,0.521,0.525,0.391,0.512,0.386,0,0,0,0,1
8000000058839326,17,4.62,0.0,0.0,1.0,2,234.1,234.5,234.4,234.9,235.1,234.7,235.1,234.4,234.1,233.1,233.1,231.3,230.8,230.4,230.4,231.4,231.2,231.6,231.9,231.8,231.5,229.8,230.2,231.7,0.613,0.52,0.522,0.514,0.506,0.511,0.34,0.343,0.506,0.518,0.51,0.532,0.332,0.335,0.332,0.331,0.343,0.333,0.329,0.617,0.525,0.458,0.335,0.468,0.0916,0.0714,0.0716,0.0704,0.0685,0.0703,0.0246,0.0235,0.0707,0.0695,0.0684,0.0727,0.0224,0.0225,0.0226,0.0226,0.0227,0.0226,0.0227,0.0899,0.0703,0.0582,0.0226,0.0593,0.638,0.585,0.585,0.583,0.576,0.586,0.307,0.292,0.597,0.575,0.575,0.591,0.292,0.291,0.295,0.295,0.286,0.293,0.297,0.628,0.578,0.553,0.293,0.547,0,0,0,0,1
8000000062064331,90,2.31,0.0,0.0,1.0,1,216.7,223.7,225.2,224.9,225.4,224.9,224.9,225.5,223.8,222.5,220.1,220.6,220.9,212.7,222.8,217.1,224.0,226.7,225.5,220.5,219.1,221.9,220.9,227.2,0.0,0.0,0.0,0.0,0.0,0.0,0.0,0.0,0.0,0.0,0.0,0.0,0.0,0.0,0.0,0.0,0.0,0.0,0.0,0.0,0.0,0.0,0.0,0.0,0.0,0.0,0.0,0.0,0.0,0.0,0.0,0.0,0.0,0.0,0.0,0.0,0.0,0.0,0.0,0.0,0.0,0.0,0.0,0.0,0.0,0.0,0.0,0.0,1.0,1.0,1.0,1.0,1.0,1.0,1.0,1.0,1.0,1.0,1.0,1.0,1.0,1.0,1.0,1.0,1.0,1.0,1.0,1.0,1.0,1.0,1.0,1.0,0,0,1,0,0
8000000046764139,94,8.98,0.0,0.0,1.0,3,230.4,230.6,231.9,231.6,231.9,231.6,231.9,231.9,231.3,230.9,229.3,231.1,230.6,230.9,230.7,230.4,230.8,231.7,230.7,231.8,232.1,231.3,231.3,232.4,0.653,0.338,0.659,0.647,0.345,0.619,0.627,0.346,0.706,1.741,1.51,1.683,0.631,0.339,0.643,0.637,0.824,0.744,0.742,0.759,0.921,0.75,0.626,0.857,0.0967,0.0438,0.1016,0.1007,0.0474,0.0967,0.0986,0.0478,0.1164,0.3555,0.3071,0.3445,0.0948,0.043,0.0967,0.0946,0.1299,0.115,0.116,0.1252,0.155,0.1214,0.1006,0.137,0.644,0.561,0.665,0.671,0.591,0.669,0.68,0.591,0.712,0.883,0.887,0.884,0.647,0.55,0.652,0.644,0.685,0.667,0.673,0.711,0.712,0.702,0.694,0.689,0,0,1,0,0
8000000044244347,6,11.14,1.0,0.0,0.54,1,227.1,227.1,226.35,225.6,226.15,226.7,224.4,224.8,225.0,223.8,226.7,227.2,227.6,228.15,228.7,229.4,230.1,230.8,227.0,226.3,229.2,229.8,228.1,230.4,0.561,0.561,0.5660000000000001,0.571,0.568,0.565,0.564,2.637,0.376,0.331,0.589,0.711,1.49,1.486,1.482,0.566,0.56,0.557,0.573,0.565,0.558,0.657,0.916,0.951,0.0758,0.0753,0.0748,0.0742,0.0736,0.0729,0.0723,0.582,0.0373,0.0368,0.0797,0.1145,0.2987,0.29995,0.3012,0.076,0.0759,0.0759,0.0758,0.0754,0.074,0.1012,0.1747,0.1755,0.575,0.5754999999999999,0.576,0.5805,0.585,0.569,0.573,0.985,0.438,0.493,0.598,0.713,0.887,0.892,0.897,0.592,0.591,0.594,0.585,0.59,0.579,0.672,0.815,0.802,0,0,0,1,0
8000000059806394,26,4.04,0.0,0.0,0.96,1,235.5,235.3,237.1,237.4,237.9,237.4,238.3,237.9,237.2,236.8,237.1,236.1,235.9,235.4,234.8,235.2,235.4,235.5,235.2,236.0,235.3,236.2,236.3,235.8,0.757,1.784,1.52,1.32,1.137,0.964,1.004,0.969,0.881,1.029,1.243,1.181,0.934,0.908,1.2,1.164,1.206,1.216,0.776,0.785,0.78,0.774,0.487,0.529,0.0847,0.374,0.2207,0.1915,0.1612,0.1179,0.1228,0.1227,0.102,0.1272,0.1716,0.1617,0.1053,0.1046,0.1632,0.1598,0.1654,0.17,0.0852,0.086,0.0846,0.0841,0.0271,0.0385,0.475,0.891,0.612,0.611,0.596,0.515,0.513,0.532,0.488,0.522,0.582,0.579,0.477,0.489,0.579,0.584,0.582,0.586,0.466,0.464,0.461,0.46,0.235,0.308,1,0,0,0,0
6524071500019193,1,1.86,0.0,0.0,1.0,1,220.2,221.8,222.1,222.4,221.9,222.4,222.4,221.4,220.9,219.7,219.8,221.5,219.4,220.2,219.6,220.6,219.7,221.2,221.6,221.1,221.1,220.2,221.4,221.0,0.0,0.0,0.0,0.0,0.0,0.0,0.0,0.0,0.0,0.0,0.0,0.0,0.0,0.0,0.0,0.0,0.0,0.0,0.0,0.0,0.0,0.0,0.0,0.0,0.0,0.0,0.0,0.0,0.0,0.0,0.0,0.0,0.0,0.0,0.0,0.0,0.0,0.0,0.0,0.0,0.0,0.0,0.0,0.0,0.0,0.0,0.0,0.0,1.0,1.0,1.0,1.0,1.0,1.0,1.0,1.0,1.0,1.0,1.0,1.0,1.0,1.0,1.0,1.0,1.0,1.0,1.0,1.0,1.0,1.0,1.0,1.0,0,0,0,0,1
6525010200010550,13,1.39,0.29,0.0,0.79,1,223.9,227.7,229.1,231.3,232.6,233.4,233.8,233.2,231.8,231.1,232.3,228.5,232.1,229.0,228.7,226.7,226.0,227.3,228.5,231.1,230.9,232.4,232.1,226.6,0.134,0.118,0.113,0.114,0.115,0.119,0.128,0.127,0.097,0.095,0.085,0.084,0.09,0.088,0.089,0.083,0.088,0.087,0.086,0.085,0.09,0.094,0.093,0.114,0.0127,0.0128,0.0128,0.0128,0.0128,0.0128,0.0127,0.0128,0.0088,0.0087,0.0087,0.0085,0.0087,0.0087,0.0087,0.0088,0.0087,0.0087,0.0088,0.0087,0.0088,0.0089,0.0086,0.0128,0.423,0.477,0.496,0.486,0.479,0.462,0.424,0.432,0.392,0.397,0.441,0.445,0.418,0.432,0.428,0.468,0.439,0.441,0.448,0.443,0.425,0.408,0.4,0.496,0,1,0,0,0
8000000059268065,5,4.21,0.0,0.0,1.0,3,219.5,221.4,221.7,220.6,219.9,220.1,220.6,220.8,219.7,220.7,219.5,216.7,221.5,222.1,221.3,223.3,219.5,222.5,221.7,220.7,219.9,222.4,223.4,217.2,1.027,0.843,0.999,0.569,0.902,0.907,0.939,0.868,1.402,1.906,1.069,0.958,1.017,0.941,0.896,0.569,0.927,0.608,0.891,0.904,0.89,1.089,1.591,1.522,0.161,0.1299,0.1579,0.0951,0.1415,0.1435,0.1458,0.1377,0.289,0.3892,0.1715,0.1466,0.1785,0.1465,0.1402,0.0916,0.146,0.1016,0.1415,0.143,0.1407,0.1925,0.2755,0.3112,0.714,0.696,0.713,0.757,0.713,0.718,0.704,0.718,0.938,0.925,0.731,0.706,0.792,0.701,0.707,0.721,0.717,0.751,0.716,0.716,0.718,0.795,0.775,0.941,0,0,0,0,1
8000000056566947,40,5.23,0.0,0.0,0.88,1,224.4,224.7,225.7,225.4,226.1,226.1,225.4,225.5,225.0,224.1,224.7,222.9,223.9,222.7,223.9,223.9,223.2,222.2,221.5,224.5,224.9,224.8,225.4,226.1,1.8,1.074,1.076,1.018,1.073,1.15,1.265,0.731,1.22,1.314,0.99,0.991,0.998,1.15,1.103,0.725,0.96,0.942,1.042,1.049,1.041,1.012,1.22,1.206,0.286,0.1172,0.1181,0.1096,0.1212,0.1373,0.1599,0.0489,0.1519,0.2253,0.1057,0.105,0.1065,0.1345,0.1242,0.0478,0.0964,0.09,0.1199,0.1209,0.1207,0.1111,0.1585,0.16,0.708,0.485,0.485,0.487,0.499,0.528,0.562,0.296,0.561,0.765,0.476,0.476,0.477,0.52,0.503,0.294,0.449,0.443,0.519,0.512,0.515,0.488,0.577,0.587,1,0,0,0,0
8000000048602931,52,7.68,0.0,0.0,0.92,3,233.7,231.3,232.9,233.0,232.2,238.1,236.5,231.8,237.0,222.7,231.1,233.1,238.1,232.7,236.8,231.0,227.6,232.7,235.3,232.5,234.1,237.3,232.5,230.7,0.07,0.488,0.248,0.069,0.501,0.522,0.07,0.162,0.48,9.859,0.069,0.068,0.479,0.558,0.067,0.481,0.493,0.069,0.07,0.481,0.5,0.536,0.843,0.95,0.0154,0.1039,0.0305,0.0152,0.1052,0.1132,0.0154,0.0183,0.1041,2.1948,0.0146,0.0143,0.1035,0.1183,0.0148,0.1018,0.1032,0.0147,0.0148,0.1026,0.11,0.0657,0.1666,0.1742,0.939,1.0,1.0,0.932,1.0,1.0,0.91,0.948,0.948,1.0,0.906,0.893,1.0,1.0,0.93,1.0,1.0,0.913,0.909,1.0,1.0,1.0,1.0,1.0,1,0,0,0,0
8000000054822736,42,5.7,0.14,0.0,0.79,2,229.7,230.8,231.9,233.0,234.1,234.4,234.6,234.8,233.9,234.4,234.3,233.1,231.7,231.9,230.8,232.2,229.6,232.5,232.3,232.7,232.2,230.9,232.1,231.7,0.0,0.0,0.0,0.0,0.0,0.0,0.0,0.0,0.0,0.0,0.0,0.0,0.0,0.0,0.0,0.0,0.0,0.0,0.0,0.0,0.0,0.0,0.0,0.0,0.0,0.0,0.0,0.0,0.0,0.0,0.0,0.0,0.0,0.0,0.0,0.0,0.0,0.0,0.0,0.0,0.0,0.0,0.0,0.0,0.0,0.0,0.0,0.0,1.0,1.0,1.0,1.0,1.0,1.0,1.0,1.0,1.0,1.0,1.0,1.0,1.0,1.0,1.0,1.0,1.0,1.0,1.0,1.0,1.0,1.0,1.0,1.0,0,1,0,0,0
6524102200031203,58,1.59,0.43,0.0,1.0,2,233.9,234.8,235.1,235.5,231.5,229.4,228.6,227.9,224.1,235.7,237.3,235.1,233.9,237.8,236.6,236.0,235.6,236.1,236.2,234.6,236.1,233.6,234.4,229.0,0.0,0.0,0.0,0.0,29.717,29.944,30.217,30.225,30.22,0.0,0.0,0.0,0.0,0.0,0.0,0.0,0.0,0.0,0.0,0.0,0.0,0.0,0.0,0.0,0.0,0.0,0.0,0.0,6.8397,6.8292,6.8693,6.85,6.7329,0.0,0.0,0.0,0.0,0.0,0.0,0.0,0.0,0.0,0.0,0.0,0.0,0.0,0.0,0.0,1.0,1.0,1.0,1.0,1.0,1.0,1.0,1.0,1.0,1.0,1.0,1.0,1.0,1.0,1.0,1.0,1.0,1.0,1.0,1.0,1.0,1.0,1.0,1.0,0,1,0,0,0
8000000043675432,6,11.44,0.0,0.0,1.0,1,235.9,236.7,237.5,237.7,237.6,237.2,237.4,236.8,236.8,236.3,235.3,234.4,233.4,233.5,233.6,233.9,234.1,234.2,234.1,234.1,234.8,235.0,234.4,234.8,0.179,0.175,0.176,0.57,0.581,0.177,0.176,0.566,0.593,0.175,0.176,0.553,0.557,0.176,0.178,0.55,0.561,0.175,0.175,0.547,0.575,0.176,0.18,0.553,0.009,0.0079,0.0087,0.0863,0.0935,0.0084,0.0082,0.0866,0.0999,0.0078,0.008,0.0844,0.089,0.0081,0.009,0.084,0.0889,0.0077,0.0081,0.0838,0.0938,0.0078,0.0083,0.0847,0.213,0.19,0.208,0.637,0.677,0.2,0.196,0.646,0.711,0.188,0.193,0.651,0.684,0.197,0.216,0.653,0.677,0.188,0.198,0.654,0.694,0.188,0.197,0.652,0,0,0,0,1
8000000059665423,7,4.08,0.0,0.0,1.0,2,238.7,235.0,233.8,238.6,238.6,239.1,238.2,242.7,240.7,236.9,240.2,233.4,236.2,235.6,238.5,236.5,234.1,233.3,236.5,234.1,236.0,236.4,234.6,237.8,0.0,0.0,0.0,0.0,0.0,0.0,0.0,0.0,0.0,0.0,0.0,0.0,0.0,0.0,0.0,0.016,0.0,0.0,0.0,0.0,0.0,0.0,0.0,0.0,0.0,0.0,0.0,0.0,0.0,0.0,0.0,0.0,0.0,0.0,0.0,0.0,0.0,0.0,0.0,0.0,0.0,0.0,0.0,0.0,0.0,0.0,0.0,0.0,1.0,1.0,1.0,1.0,1.0,1.0,1.0,1.0,1.0,1.0,1.0,1.0,1.0,1.0,1.0,0.0,1.0,1.0,1.0,1.0,1.0,1.0,1.0,1.0,0,0,1,0,0
8000000058859693,1,4.62,0.0,0.0,1.0,1,232.7,232.5,233.5,233.7,234.2,233.5,233.7,233.2,233.0,231.2,232.0,230.4,229.6,229.5,229.7,230.7,230.0,230.8,230.9,230.6,230.0,230.5,229.9,230.8,0.837,0.28,0.751,0.754,0.284,0.283,0.282,0.743,0.719,0.669,0.279,0.281,0.279,0.851,0.762,0.716,0.8,0.278,0.728,0.808,0.693,0.685,0.29,0.697,0.1867,0.0342,0.1669,0.1692,0.0345,0.0343,0.0341,0.1651,0.1621,0.1489,0.0327,0.0327,0.0323,0.1866,0.1681,0.1585,0.1759,0.0324,0.1617,0.1786,0.153,0.1509,0.0339,0.1515,1.0,0.525,1.0,1.0,0.518,0.519,0.517,1.0,1.0,1.0,0.505,0.505,0.504,1.0,1.0,1.0,1.0,0.505,1.0,1.0,1.0,1.0,0.509,0.942,0,0,0,0,1
8000000046715020,21,9.02,1.0,0.0,0.71,1,227.7,225.1,226.0,225.1,226.4,225.5,226.4,224.2,221.7,228.0,225.0,228.3,226.3,227.1,226.5,228.2,225.2,226.9,227.5,225.4,225.9,226.3,223.0,224.2,0.041,0.039,0.04,0.039,0.039,0.039,0.041,0.04,0.038,0.039,0.038,0.04,0.039,0.04,0.039,0.039,0.039,0.038,0.039,0.039,0.039,0.039,0.039,0.039,0.0,0.0,0.0,0.0,0.0,0.0,0.0,0.0,0.0,0.0,0.0,0.0,0.0,0.0,0.0,0.0,0.0,0.0,0.0,0.0,0.0,0.0,0.0,0.0,1.0,1.0,1.0,1.0,1.0,1.0,1.0,1.0,1.0,1.0,1.0,1.0,1.0,1.0,1.0,1.0,1.0,1.0,1.0,1.0,1.0,1.0,1.0,1.0,0,0,0,1,0
6524121600029959,45,1.44,0.0,0.0,1.0,1,234.2,234.3,235.1,233.8,233.4,232.6,232.6,233.4,232.2,231.8,232.3,232.3,231.2,230.5,231.4,231.3,231.0,231.9,231.1,230.7,231.9,231.9,230.7,231.3,0.326,1.731,0.237,0.235,0.238,0.235,0.24,0.204,0.214,0.213,0.213,0.212,1.58,1.589,1.574,1.987,1.924,1.64,1.674,1.674,1.635,1.902,0.219,0.245,0.0436,0.2603,0.032,0.0318,0.0324,0.032,0.0323,0.0255,0.0265,0.0263,0.0254,0.025,0.2359,0.2339,0.2339,0.3037,0.2959,0.2508,0.2548,0.2559,0.2436,0.2899,0.0262,0.0323,0.571,0.641,0.574,0.579,0.583,0.586,0.578,0.535,0.534,0.533,0.514,0.508,0.645,0.638,0.642,0.66,0.665,0.659,0.658,0.662,0.642,0.657,0.518,0.57,0,0,0,0,1
8000000055875635,6,5.49,0.14,0.0,0.96,1,227.4,225.6,227.8,232.5,232.4,233.4,230.7,233.1,228.1,228.9,229.1,224.3,227.8,222.4,221.1,222.4,231.5,230.4,214.0,219.5,224.3,221.1,223.5,221.9,1.596,0.879,0.77,0.275,0.691,0.271,6.116,1.222,0.145,0.147,0.655,0.147,0.641,0.148,0.149,0.649,0.142,0.649,10.617,0.627,8.699,0.599,1.254,1.925,0.274,0.1551,0.1382,0.0464,0.1225,0.0415,1.4092,0.2574,0.0181,0.0178,0.1073,0.018,0.103,0.0176,0.0173,0.1065,0.0179,0.105,2.2388,0.1,1.9478,0.1265,0.2546,0.3536,0.754,0.78,0.787,0.725,0.762,0.656,0.998,0.903,0.547,0.529,0.715,0.546,0.705,0.534,0.528,0.736,0.544,0.701,0.982,0.725,0.998,0.953,0.925,0.827,1,0,0,0,0
8000000046760209,265,8.98,0.0,0.0,1.0,1,232.2,229.5,230.8,231.3,231.3,231.9,231.1,232.1,230.8,229.9,229.3,231.3,229.6,230.7,230.4,230.0,231.0,231.1,231.1,231.1,232.0,230.7,230.7,231.7,0.84,1.29,0.26,0.245,0.468,0.286,0.257,0.435,0.815,0.242,0.245,0.364,0.329,0.46,0.342,0.348,0.333,0.307,0.294,0.27,0.465,0.939,0.625,1.465,0.16,0.2651,0.0192,0.0217,0.092,0.0263,0.0184,0.08,0.1776,0.0207,0.0207,0.0604,0.0342,0.0885,0.0396,0.0365,0.0379,0.0315,0.0234,0.0178,0.0891,0.1779,0.0859,0.2872,0.819,0.898,0.321,0.384,0.847,0.397,0.31,0.79,0.943,0.371,0.368,0.718,0.453,0.831,0.501,0.456,0.493,0.444,0.344,0.286,0.827,0.82,0.595,0.845,0,0,1,0,0
6525060300030888,25,0.97,0.14,0.0,0.79,5,223.1,229.5,231.5,229.1,236.5,229.4,229.3,222.1,218.5,221.0,229.2,226.5,229.9,228.3,220.9,225.9,229.1,228.5,231.2,229.6,227.7,227.2,222.2,227.1,2.046,1.999,1.997,1.983,1.921,1.967,2.006,2.035,2.081,2.091,2.002,2.051,2.078,2.373,2.067,2.02,2.05,2.028,1.993,2.012,2.018,2.036,2.07,2.011,0.4234,0.423,0.4228,0.4171,0.4135,0.4134,0.4212,0.4193,0.4238,0.4305,0.4233,0.4294,0.4404,0.5044,0.4247,0.428,0.4329,0.4268,0.4232,0.4258,0.4227,0.4267,0.426,0.4207,0.927,0.922,0.914,0.918,0.91,0.916,0.915,0.927,0.932,0.931,0.922,0.924,0.921,0.931,0.93,0.937,0.921,0.921,0.918,0.921,0.92,0.922,0.926,0.921,0,1,0,0,0
8000000044925863,45,10.86,0.71,0.0,0.21,1,234.9,235.5,236.0,235.5,235.1,236.6,232.9,235.4,234.4,235.6,234.4,235.8,234.3,235.1,235.3,235.1,235.7,234.9,235.2,235.5,235.6,234.4,234.3,236.0,2.035,0.624,0.288,0.631,0.283,0.636,9.998,0.61,11.293,2.044,2.049,0.556,0.642,13.314,0.821,0.681,0.83,0.816,0.573,0.642,0.637,0.642,0.733,0.804,0.452,0.1344,0.0634,0.1372,0.0628,0.1391,2.3287,0.1308,2.5785,0.3527,0.3421,0.1275,0.1379,0.1368,0.1853,0.1495,0.1867,0.1847,0.1307,0.1389,0.1379,0.1387,0.1612,0.1797,0.945,0.914,0.933,0.917,0.942,0.92,1.0,0.911,1.0,0.73,0.711,1.0,0.916,0.937,1.0,0.925,1.0,1.0,1.0,0.917,0.918,0.92,0.938,0.946,0,0,0,1,0
8000000050303989,10,7.45,0.14,0.0,0.96,1,229.3,232.8,232.0,234.3,233.3,232.3,233.9,232.7,234.2,229.3,232.1,228.3,230.0,230.6,229.2,230.5,230.2,231.1,230.8,234.8,230.9,234.2,232.6,232.0,0.0,0.0,0.0,0.0,0.0,0.0,0.0,0.0,0.0,0.0,0.0,0.0,0.0,0.0,0.0,0.0,0.0,0.0,0.0,0.0,0.0,0.0,0.0,0.0,0.0,0.0,0.0,0.0,0.0,0.0,0.0,0.0,0.0,0.0,0.0,0.0,0.0,0.0,0.0,0.0,0.0,0.0,0.0,0.0,0.0,0.0,0.0,0.0,1.0,1.0,1.0,1.0,1.0,1.0,1.0,1.0,1.0,1.0,1.0,1.0,1.0,1.0,1.0,1.0,1.0,1.0,1.0,1.0,1.0,1.0,1.0,1.0,1,0,0,0,0
8000000061289176,31,2.97,0.0,0.0,1.0,1,230.8,231.3,231.8,232.2,232.3,232.3,231.1,231.1,230.4,229.9,229.0,228.6,228.2,227.5,227.8,229.9,229.4,228.4,229.0,229.4,229.4,229.7,229.8,230.0,0.421,0.598,0.427,0.283,0.255,0.4,0.413,0.254,0.254,0.257,0.407,2.001,0.641,0.719,0.568,0.493,0.27,0.453,0.421,0.983,0.519,6.458,1.291,1.473,0.0841,0.1276,0.0717,0.0296,0.025,0.0829,0.086,0.0251,0.0248,0.0251,0.0824,0.4544,0.1357,0.1482,0.1012,0.0859,0.0271,0.088,0.083,0.2186,0.0917,1.4828,0.2536,0.2911,0.866,0.922,0.724,0.45,0.422,0.892,0.901,0.428,0.423,0.425,0.884,1.0,0.928,0.906,0.782,0.758,0.437,0.851,0.86,1.0,0.77,1.0,0.855,0.859,1,0,0,0,0
8000000054875847,32,5.69,0.0,0.0,1.0,2,235.5,236.2,237.0,234.7,234.9,234.5,234.7,232.9,232.9,232.5,234.2,232.8,233.3,234.8,234.0,234.7,233.3,234.3,234.0,234.0,234.6,233.4,235.3,233.2,5.428,2.144,0.888,0.893,0.821,0.908,0.825,0.856,0.783,0.834,1.093,1.26,2.624,1.108,1.032,1.015,1.02,1.443,1.493,1.522,1.497,1.716,1.878,1.514,1.2406,0.4252,0.1668,0.1689,0.1406,0.1686,0.1395,0.1487,0.1451,0.1524,0.172,0.1819,0.4675,0.1999,0.182,0.1729,0.1742,0.2808,0.2994,0.3057,0.3015,0.3499,0.3626,0.3021,1.0,0.839,0.792,0.806,0.729,0.791,0.72,0.746,0.795,0.785,0.672,0.62,0.763,0.768,0.753,0.725,0.732,0.83,0.857,0.858,0.858,0.873,0.82,0.855,0,0,0,0,1
8000000054880448,7,5.69,0.0,0.0,1.0,6,231.1,230.1,232.8,231.0,231.2,230.3,230.7,230.2,229.6,229.1,224.9,224.4,222.7,221.5,222.3,223.5,219.5,221.7,220.8,220.3,224.3,226.0,226.2,226.2,0.462,1.111,1.007,0.111,0.108,0.989,0.111,0.213,0.982,0.158,0.954,0.967,0.115,0.947,0.99,0.12,0.939,0.971,0.119,0.945,0.985,1.059,5.489,5.489,0.0868,0.1679,0.1331,0.0122,0.0123,0.1309,0.0123,0.03,0.1301,0.0194,0.1255,0.1312,0.0125,0.1265,0.1402,0.013,0.1255,0.1339,0.0122,0.1267,0.1365,0.1189,1.2202,1.2202,0.813,0.656,0.567,0.476,0.493,0.574,0.48,0.612,0.577,0.537,0.585,0.604,0.488,0.603,0.637,0.485,0.608,0.622,0.465,0.608,0.617,0.496,1.0,1.0,0,0,0,0,1
8000000057634621,44,4.96,0.14,0.0,0.75,6,226.7,227.9,231.7,231.5,231.5,230.0,232.3,232.0,229.4,227.0,227.3,230.6,228.7,225.2,230.5,231.06666666666663,231.63333333333333,232.2,230.2,227.3,228.1,227.0,227.3,228.1,0.156,0.157,0.16,0.16,0.16,0.159,0.161,0.16,0.158,0.156,0.157,0.352,0.351,0.35,0.345,0.3466666666666666,0.3483333333333333,0.35,0.35,0.35,0.349,0.351,0.356,0.359,0.0035,0.0035,0.0036,0.0036,0.0036,0.0035,0.0036,0.0038,0.0036,0.0035,0.0,0.0547,0.0546,0.0544,0.0548,0.05475,0.0547,0.0548,0.0547,0.0546,0.0546,0.0545,0.0549,0.055,0.098,0.097,0.097,0.097,0.097,0.095,0.096,0.102,0.099,0.098,0.0,0.673,0.68,0.69,0.689,0.6895,0.69,0.671,0.678,0.686,0.685,0.684,0.678,0.671,0,1,0,0,0
8000000058866067,38,4.62,0.0,0.0,1.0,3,232.2,232.6,233.3,232.9,234.0,233.7,233.2,233.2,229.8,230.6,232.6,229.9,228.1,229.5,230.4,230.3,230.2,229.2,230.7,230.5,231.2,230.4,230.7,225.9,0.336,0.161,0.344,0.341,0.165,0.343,0.381,0.164,0.348,0.467,1.118,0.578,0.392,0.162,0.356,0.383,0.166,0.351,0.39,0.163,0.349,0.335,0.163,0.59,0.0459,0.0073,0.0481,0.0478,0.0073,0.0481,0.0547,0.0073,0.0485,0.0685,0.2581,0.0866,0.0554,0.0068,0.0492,0.0547,0.007,0.0489,0.0551,0.0071,0.0483,0.0455,0.0071,0.0987,0.588,0.195,0.599,0.602,0.189,0.6,0.615,0.191,0.607,0.636,1.0,0.652,0.619,0.183,0.6,0.62,0.183,0.608,0.612,0.189,0.599,0.59,0.188,0.74,0,0,0,0,1
8000000061593978,65,2.83,0.0,0.0,1.0,2,215.5,225.7,227.4,224.9,223.3,226.5,225.6,225.8,224.8,224.3,223.9,218.7,217.1,220.4,222.3,223.4,220.7,220.6,221.0,219.7,220.3,221.9,222.1,219.5,0.662,0.612,0.657,0.684,0.656,0.655,0.633,0.644,0.652,0.326,0.328,0.3,0.31,0.297,0.324,0.33,0.325,0.319,0.328,0.328,0.324,0.332,0.324,0.643,0.091,0.0922,0.092,0.092,0.0915,0.0919,0.092,0.0921,0.0919,0.0426,0.0427,0.0419,0.0415,0.0419,0.0425,0.0423,0.0421,0.0423,0.0423,0.0423,0.0422,0.0424,0.0423,0.0912,0.637,0.667,0.615,0.597,0.624,0.619,0.643,0.633,0.626,0.582,0.581,0.638,0.6316666666666667,0.6253333333333333,0.619,0.6126666666666667,0.6063333333333333,0.6,0.583,0.586,0.591,0.575,0.587,0.645,0,0,1,0,0
8000000046787813,208,8.97,0.0,0.0,1.0,2,233.1,235.0,235.5,235.3,235.6,235.0,235.3,234.5,234.3,232.7,233.0,231.8,230.5,230.9,232.0,230.9,230.9,230.9,230.9,231.1,231.5,231.8,231.9,232.0,0.432,0.455,0.366,0.392,1.197,1.178,0.357,0.353,0.355,0.444,1.156,0.358,0.358,1.127,2.339,0.358,0.357,1.146,0.358,0.505,1.543,1.147,0.496,0.488,0.096,0.1006,0.0824,0.0878,0.2102,0.204,0.0807,0.0798,0.0798,0.0942,0.1999,0.0794,0.079,0.1956,0.4709,0.079,0.079,0.2027,0.0789,0.1005,0.2729,0.1995,0.1081,0.0981,0.954,0.94,0.955,0.949,0.745,0.738,0.961,0.964,0.959,0.912,0.741,0.958,0.957,0.752,0.868,0.955,0.958,0.766,0.954,0.861,0.764,0.752,0.94,0.866,0,0,1,0,0
8000000051184481,31,7.09,0.0,0.0,0.96,2,220.9,225.1,227.4,230.4,235.4,235.6,235.8,235.5,231.6,231.6,232.3,230.1,229.9,230.5,231.1,232.8,234.5,232.8,233.8,233.1,228.5,230.3,224.1,230.5,0.0,0.0,0.0,0.0,0.0,0.0,0.0,0.0,0.0,0.015,0.019,0.0,0.0,0.0,0.0,0.0,0.0,0.0,0.0,0.0,0.0,0.0,0.0,0.0,0.0,0.0,0.0,0.0,0.0,0.0,0.0,0.0,0.0,0.0,0.0,0.0,0.0,0.0,0.0,0.0,0.0,0.0,0.0,0.0,0.0,0.0,0.0,0.0,1.0,1.0,1.0,1.0,1.0,1.0,1.0,1.0,1.0,0.029,0.0,1.0,1.0,1.0,1.0,1.0,1.0,1.0,1.0,1.0,1.0,1.0,1.0,1.0,1,0,0,0,0
8000000044382978,9,11.07,0.57,0.0,0.75,4,223.4,227.2,228.6,227.5,227.6,225.8,226.2,225.7,220.3,219.6,219.4,217.1,216.2,214.9,215.5,216.8,215.7,217.2,217.3,219.6,218.6,218.6,218.6,218.6,8.791,4.339,4.321,4.271,6.225,4.83,6.068,4.697,5.95,2.867,2.846,14.133,6.294,3.81,3.355,4.508,7.783,6.157,4.659,6.386,4.549,4.549,4.549,4.549,1.804,0.7171,0.707,0.6942,1.0267,0.8211,0.9883,0.7655,0.9732,0.4916,0.4858,3.0188,1.0983,0.7003,0.6304,0.8003,1.4698,1.0628,0.8324,1.2253,0.8028,0.8028,0.8028,0.8028,0.945,0.729,0.718,0.716,0.726,0.754,0.721,0.724,0.744,0.784,0.781,0.984,0.81,0.869,0.887,0.825,0.879,0.797,0.83,0.879,0.813,0.813,0.813,0.813,0,0,0,1,0
6525061200017239,18,0.95,0.14,0.0,1.0,2,242.7,242.4,242.5,243.8,243.2,243.8,242.5,242.1,241.9,240.8,239.1,238.9,238.4,237.7,237.8,235.5,237.8,236.4,237.3,237.8,236.8,238.5,239.5,241.1,0.0,0.0,0.0,0.0,0.0,0.0,0.0,0.0,0.0,0.0,0.0,0.0,0.0,0.0,0.0,0.0,0.0,0.0,0.0,0.0,0.0,0.0,0.0,0.0,0.0,0.0,0.0,0.0,0.0,0.0,0.0,0.0,0.0,0.0,0.0,0.0,0.0,0.0,0.0,0.0,0.0,0.0,0.0,0.0,0.0,0.0,0.0,0.0,1.0,1.0,1.0,1.0,1.0,1.0,1.0,1.0,1.0,1.0,1.0,1.0,1.0,1.0,1.0,1.0,1.0,1.0,1.0,1.0,1.0,1.0,1.0,1.0,0,0,0,0,1
8000000054947982,6,5.69,0.0,0.0,1.0,2,225.9,229.9,231.4,233.0,233.7,232.4,233.1,230.6,224.7,226.4,231.4,229.5,231.5,229.7,230.8,233.2,231.9,232.7,232.3,231.1,233.3,232.4,228.1,225.7,9.802,0.647,0.478,0.447,0.224,0.456,0.444,9.173,0.609,0.455,1.147,8.078,0.473,0.195,0.467,0.507,0.194,0.464,0.439,0.457,0.469,0.471,0.568,1.226,2.2123,0.1168,0.0687,0.0622,0.0173,0.0663,0.0655,2.1144,0.1088,0.0673,0.1837,1.9092,0.0709,0.0133,0.0679,0.0811,0.0135,0.0673,0.0641,0.0672,0.07,0.0687,0.0838,0.1625,0.998,0.785,0.621,0.597,0.336,0.63,0.63,1.0,0.793,0.654,0.679,1.0,0.646,0.301,0.628,0.683,0.3,0.625,0.626,0.636,0.639,0.627,0.646,0.587,0,0,1,0,0
8000000043696199,26,11.44,0.0,0.0,1.0,1,236.4,236.5,237.9,235.0,235.1,235.0,235.4,234.4,234.5,234.2,232.8,232.4,236.5,235.7,236.2,237.0,236.9,236.5,237.0,236.7,236.9,236.6,237.0,232.5,0.0,0.0,0.0,0.0,0.0,0.0,0.0,0.0,0.0,0.0,0.0,0.0,0.0,0.0,0.0,0.0,0.0,0.0,0.0,0.0,0.0,0.0,0.0,0.0,0.0,0.0,0.0,0.0,0.0,0.0,0.0,0.0,0.0,0.0,0.0,0.0,0.0,0.0,0.0,0.0,0.0,0.0,0.0,0.0,0.0,0.0,0.0,0.0,1.0,1.0,1.0,1.0,1.0,1.0,1.0,1.0,1.0,1.0,1.0,1.0,1.0,1.0,1.0,1.0,1.0,1.0,1.0,1.0,1.0,1.0,1.0,1.0,0,0,0,0,1
8000000059914424,30,4.04,0.0,0.0,1.0,2,232.7,232.7,235.3,236.7,237.4,238.1,236.8,236.6,234.5,233.2,233.5,232.6,231.2,232.8,232.4,230.5,230.2,231.6,231.9,230.4,230.4,230.4,230.4,230.4,0.0,0.0,0.0,0.0,0.0,0.0,0.0,0.0,0.0,0.0,0.0,0.0,0.0,0.0,0.0,0.0,0.0,0.0,0.0,0.0,0.0,0.0,0.0,0.0,0.0,0.0,0.0,0.0,0.0,0.0,0.0,0.0,0.0,0.0,0.0,0.0,0.0,0.0,0.0,0.0,0.0,0.0,0.0,0.0,0.0,0.0,0.0,0.0,1.0,1.0,1.0,1.0,1.0,1.0,1.0,1.0,1.0,1.0,1.0,1.0,1.0,1.0,1.0,1.0,1.0,1.0,1.0,1.0,1.0,1.0,1.0,1.0,1,0,0,0,0
8000000055767534,6,5.54,0.14,0.0,0.67,1,235.4,232.4,232.5,232.7,231.5,232.6,232.2,230.1,231.6,233.1,233.8,238.6,238.2,233.5,237.7,233.0,232.4,232.7,232.8,233.0,233.4,233.8,233.4,233.5,1.104,0.607,0.526,0.507,0.487,0.475,0.475,9.75,0.462,4.527,0.454,0.458,0.458,0.451,0.456,0.451,0.45,0.449,0.448,0.455,0.452,0.454,0.453,2.762,0.2448,0.1141,0.088,0.0822,0.0763,0.0723,0.0727,2.2404,0.0683,1.0504,0.0649,0.0651,0.0647,0.0637,0.0644,0.0635,0.0633,0.0632,0.0636,0.0654,0.0642,0.0641,0.0642,0.5144,0.941,0.808,0.719,0.696,0.676,0.654,0.659,0.998,0.638,0.995,0.611,0.595,0.593,0.604,0.594,0.604,0.605,0.604,0.609,0.616,0.608,0.603,0.607,0.797,0,1,0,0,0
8000000058470175,29,4.73,1.0,0.0,0.46,3,225.7,220.3,219.5,220.5,221.7,221.1,219.0,219.6,218.9,224.8,224.1,222.8,222.2,222.9,221.0,223.0,223.7,223.6,223.8,222.6,223.4,225.1,223.1,225.7,0.0,0.0,0.0,0.0,0.0,0.0,0.0,0.0,0.0,0.0,0.0,0.0,0.0,0.0,0.0,0.0,0.0,0.0,0.0,0.0,0.0,0.0,0.0,0.0,0.0,0.0,0.0,0.0,0.0,0.0,0.0,0.0,0.0,0.0,0.0,0.0,0.0,0.0,0.0,0.0,0.0,0.0,0.0,0.0,0.0,0.0,0.0,0.0,1.0,1.0,1.0,1.0,1.0,1.0,1.0,1.0,1.0,1.0,1.0,1.0,1.0,1.0,1.0,1.0,1.0,1.0,1.0,1.0,1.0,1.0,1.0,1.0,0,1,0,0,0
8000000044397732,1,11.07,1.0,0.0,0.75,2,237.4,239.1,238.8,243.4,245.2,246.6,244.5,244.6,243.0,245.3,242.2,242.2,242.7,237.4,242.5,240.5,240.4,241.3,241.5,241.7,240.4,239.1,243.9,243.9,2.706,1.894,2.292,0.5,0.524,0.42,0.385,0.407,0.565,0.405,0.785,0.78,0.81,0.733,0.489,0.911,0.737,0.84,0.987,1.134,1.4775,1.821,1.479,1.479,0.4989,0.3945,0.4335,0.078,0.0838,0.0673,0.0613,0.0655,0.1046,0.0586,0.1743,0.1728,0.1841,0.1589,0.1165,0.1948,0.1256,0.1553,0.2,0.2447,0.33485,0.425,0.3269,0.3269,0.983,0.969,0.958,0.998,0.998,1.0,1.0,1.0,1.0,0.998,1.0,1.0,0.999,1.0,0.997,0.964,0.781,0.845,0.8875,0.93,0.9575,0.985,0.959,0.959,0,0,0,1,0
8000000059263794,15,4.21,0.0,0.0,1.0,1,237.3,239.1,240.4,238.6,238.9,237.4,237.9,238.1,235.8,235.7,233.8,237.0,237.4,236.8,237.1,236.3,237.5,238.2,237.2,236.7,239.3,237.5,236.7,236.5,0.979,0.741,0.44,0.504,0.503,0.429,0.501,0.437,0.513,0.522,0.452,0.515,0.528,0.434,0.51,0.455,0.521,0.694,0.506,0.573,1.101,3.928,1.836,1.09,0.1328,0.0845,0.0938,0.0289,0.0295,0.0908,0.029,0.095,0.0288,0.0293,0.0924,0.03,0.1117,0.0912,0.0301,0.0947,0.0301,0.0739,0.0308,0.0693,0.2244,0.818,0.2825,0.213,0.571,0.477,0.887,0.24,0.245,0.891,0.243,0.913,0.238,0.238,0.875,0.245,0.891,0.888,0.248,0.88,0.243,0.447,0.256,0.511,0.851,0.876,0.65,0.826,0,0,0,0,1
6524091300013891,7,1.69,0.0,0.0,1.0,1,232.5,234.3,238.3,237.0,237.1,236.8,237.0,235.8,236.0,235.9,235.4,234.9,235.5,235.0,233.9,235.5,235.3,234.8,234.8,235.2,235.7,235.3,233.1,232.5,0.0,0.0,0.0,0.017,0.025,0.024,0.028,0.017,0.017,0.0,0.0,0.0,0.019,0.0,0.0,0.0,0.0,0.0,0.0,0.0,0.0,0.0,0.0,0.0,0.0,0.0,0.0,0.0,0.0,0.0,0.0,0.0,0.0,0.0,0.0,0.0,0.0,0.0,0.0,0.0,0.0,0.0,0.0,0.0,0.0,0.0,0.0,0.0,1.0,1.0,1.0,0.0,0.0,0.0,0.0,0.025,0.0,1.0,1.0,1.0,0.0,1.0,1.0,1.0,1.0,1.0,1.0,1.0,1.0,1.0,1.0,1.0,0,0,1,0,0
8000000061816730,93,2.7,0.0,0.0,1.0,1,212.7,222.1,218.9,231.7,227.9,230.9,226.0,230.1,223.6,229.2,223.4,223.1,224.2,233.4,226.2,230.8,227.9,226.6,226.7,226.0,223.2,224.4,217.3,222.5,0.396,0.361,0.371,0.361,0.385,0.425,0.38,0.3,0.309,0.282,0.322,0.331,0.325,0.287,0.315,0.31,0.292,0.3,0.286,0.334,0.323,0.319,0.318,0.391,0.0489,0.0492,0.0488,0.049,0.049,0.0494,0.0491,0.0372,0.037,0.0371,0.037,0.0369,0.0371,0.0371,0.0369,0.0369,0.0373,0.037,0.0369,0.0372,0.037,0.0369,0.0371,0.0491,0.58,0.613,0.6,0.585,0.558,0.503,0.571,0.538,0.535,0.573,0.514,0.499,0.509,0.553,0.517,0.515,0.56,0.544,0.569,0.492,0.513,0.515,0.536,0.564,0,0,1,0,0
6525040700049510,2,1.13,0.0,0.0,1.0,2,232.6,231.1,233.6,233.1,235.1,233.7,233.6,232.7,231.4,228.1,233.2,231.7,231.4,232.2,233.1,233.4,232.0,229.5,234.1,232.5,233.9,237.1,224.6,228.9,0.0,0.0,0.0,0.0,0.0,0.0,0.0,0.0,0.0,0.0,0.0,0.0,0.0,0.0,0.0,0.0,0.0,0.0,0.0,0.0,0.0,0.0,0.0,0.0,0.0,0.0,0.0,0.0,0.0,0.0,0.0,0.0,0.0,0.0,0.0,0.0,0.0,0.0,0.0,0.0,0.0,0.0,0.0,0.0,0.0,0.0,0.0,0.0,1.0,1.0,1.0,1.0,1.0,1.0,1.0,1.0,1.0,1.0,1.0,1.0,1.0,1.0,1.0,1.0,1.0,1.0,1.0,1.0,1.0,1.0,1.0,1.0,0,0,0,0,1
8000000050147171,32,7.52,0.14,0.0,0.75,2,236.0,240.1,239.9,239.95,240.0,241.0,240.15,239.3,239.2,238.5,236.8,235.4,232.7,237.5,240.4,236.1,237.3,239.0,237.3,236.5,237.3,236.8,236.4,237.4,0.0,0.0,0.0,0.0,0.0,0.0,0.0,0.0,0.0,0.0,0.164,0.0,0.0,0.0,0.0,0.0,0.0,0.0,0.0,0.242,0.0,0.0,0.153,0.074,0.0,0.0,0.0,0.0,0.0,0.0,0.0,0.0,0.0,0.0,0.0242,0.0,0.0,0.0,0.0,0.0,0.0,0.0,0.0,0.0571,0.0,0.0,0.0269,0.0141,1.0,1.0,1.0,1.0,1.0,1.0,1.0,1.0,1.0,1.0,0.623,1.0,1.0,1.0,1.0,1.0,1.0,1.0,1.0,1.0,1.0,1.0,0.745,0.805,0,1,0,0,0
8000000044428749,0,11.07,1.0,0.0,0.75,2,235.1,236.2,237.8,237.5,239.0,239.5,240.7,240.2,238.6,237.6,236.9,234.4,234.9,234.8,234.6,230.9,233.3,235.7,236.8,237.9,236.95,236.0,235.6,235.6,0.303,0.879,0.116,0.747,0.076,0.751,0.074,0.79,0.09,0.762,0.8,0.076,0.738,0.074,0.754,6.056,0.754,0.078,0.0785,0.079,0.4185,0.758,0.881,0.881,0.0548,0.1731,0.0165,0.1272,0.0076,0.1282,0.0078,0.1416,0.0105,0.1311,0.1489,0.0074,0.1245,0.0074,0.1288,1.3978,0.1292,0.0073,0.0075,0.0077,0.06915,0.1306,0.172,0.172,0.936,0.849,0.854,0.722,0.649,0.717,0.639,0.754,0.766,0.729,0.799,0.654,0.723,0.654,0.735,1.0,0.74,0.675,0.675,0.675,0.7050000000000001,0.735,0.845,0.845,0,0,0,1,0
8000000059381445,256,4.13,0.0,0.0,0.96,1,215.0,219.0,219.2,217.7,218.4,218.7,220.0,220.3,217.9,216.1,218.6,218.5,219.0,219.1,219.5,216.5,220.8,222.6,221.05,219.5,217.7,219.9,220.5,216.3,4.231,4.261,2.75,2.719,2.722,2.719,4.148,4.159,2.695,2.684,4.114,4.103,4.11,4.109,7.331,4.116,5.359,5.407,11.262,17.117,16.737,4.162,4.167,4.325,0.6401,0.6433,0.3405,0.3362,0.3333,0.3345,0.5975,0.6005,0.3276,0.3262,0.5907,0.5872,0.5872,0.586,1.4594,0.6009,0.8754,0.8888,2.2925500000000003,3.6963,3.5818,0.611,0.6085,0.6397,0.703,0.689,0.564,0.568,0.56,0.562,0.654,0.655,0.557,0.562,0.656,0.654,0.652,0.65,0.906,0.674,0.739,0.738,0.869,1.0,1.0,0.667,0.662,0.683,0,0,1,0,0
8000000061814260,67,2.7,0.0,0.0,1.0,1,230.2,230.8,232.2,229.2,229.9,229.7,229.1,228.5,227.5,226.6,226.2,225.8,228.3,224.3,227.6,226.9,227.0,226.0,225.9,226.1,227.2,228.0,226.9,228.4,0.156,0.122,0.121,0.106,0.101,0.837,0.836,0.923,0.349,0.106,0.107,0.11,0.872,9.929,0.111,4.926,5.088,5.159,5.051,4.591,0.0,0.014,0.0,0.796,0.029,0.017,0.0171,0.0147,0.0147,0.1121,0.1134,0.1466,0.0565,0.0144,0.0146,0.0145,0.1247,2.2231,0.0145,0.6903,0.7148,0.7941,0.7685,0.6993,0.0,0.0,0.0,0.0995,0.807,0.603,0.608,0.604,0.632,0.582,0.591,0.694,0.711,0.599,0.603,0.583,0.626,0.997,0.573,0.617,0.618,0.68,0.673,0.673,1.0,0.0,1.0,0.547,0,0,1,0,0
8000000056039063,3,5.46,0.14,0.0,0.38,3,228.8,228.8,231.1,229.3,230.7,230.3,235.6,239.0,232.3,236.3,238.4,242.8,240.7,239.3,237.9,237.9,234.8,235.0,242.3,240.9,242.1,241.1,243.3,228.2,1.006,1.006,0.895,0.875,0.881,0.697,0.203,0.74,0.712,0.743,0.731,0.765,0.759,0.207,0.208,3.22,3.272,3.326,0.2,0.204,0.755,0.761,0.209,0.21,0.1966,0.1966,0.1731,0.1678,0.1676,0.1146,0.0403,0.1217,0.1187,0.125,0.1196,0.1256,0.1262,0.0419,0.0418,0.5504,0.5582,0.5536,0.04,0.0412,0.1228,0.1254,0.0426,0.0404,0.853,0.853,0.836,0.836,0.829,0.713,0.844,0.68,0.717,0.711,0.686,0.676,0.691,0.848,0.84,0.718,0.726,0.708,0.826,0.838,0.671,0.684,0.84,0.845,1,0,0,0,0
8000000058824398,6,4.62,0.0,0.0,0.96,1,225.6,225.6,225.6,226.2,225.8,225.6,226.1,226.0,225.9,225.8,225.0,224.8,224.9,224.3,225.7,224.8,224.8,225.0,224.9,225.7,225.5,225.5,224.7,225.5,1.193,1.193,1.193,0.954,0.97,1.067,0.95,0.942,5.331,1.171,1.264,1.525,1.139,5.083,1.355,1.56,1.354,1.146,5.493,0.957,0.953,2.234,1.798,2.119,0.1832,0.1832,0.1832,0.1375,0.1401,0.1554,0.1383,0.1357,1.1902,0.1888,0.2077,0.3127,0.17,1.1278,0.2254,0.2605,0.2252,0.1843,1.2192,0.1387,0.1375,0.4069,0.338,0.3938,0.68,0.68,0.68,0.637,0.639,0.645,0.644,0.637,1.0,0.714,0.73,0.912,0.663,1.0,0.737,0.743,0.74,0.714,1.0,0.642,0.639,0.807,0.836,0.824,1,0,0,0,0
8000000058813222,5,4.62,0.0,0.0,0.96,1,225.3,225.3,225.3,225.6,225.9,225.6,226.1,225.8,225.6,225.9,224.6,224.5,224.8,224.5,224.7,224.3,224.9,224.4,225.2,225.5,225.4,225.3,224.2,224.9,0.958,0.958,0.958,0.916,0.869,0.851,0.845,0.571,0.56,0.705,0.545,0.542,0.833,0.73,1.617,1.241,0.543,0.75,0.552,0.522,0.859,0.735,1.637,1.402,0.1354,0.1354,0.1354,0.1377,0.1276,0.1246,0.1245,0.0701,0.0683,0.1087,0.0639,0.0643,0.1211,0.0837,0.3481,0.1849,0.0641,0.1241,0.0657,0.0404,0.1278,0.0834,0.2724,0.23,0.627,0.627,0.627,0.666,0.65,0.649,0.651,0.543,0.54,0.682,0.522,0.528,0.646,0.51,1.0,0.664,0.524,0.737,0.528,0.343,0.66,0.503,0.742,0.729,1,0,0,0,0
8000000051634948,7,7.01,0.0,0.0,1.0,2,234.2,236.6,238.0,233.3,234.9,236.1,234.2,232.9,234.9,232.7,229.6,226.9,230.1,233.0,235.4,221.4,234.2,229.9,229.3,231.5,229.1,232.0,232.6,227.5,0.0,0.0,0.0,0.0,0.0,0.0,0.0,0.0,0.0,0.0,0.0,0.0,0.0,0.0,0.0,0.0,0.0,0.0,0.0,0.0,0.0,0.0,0.0,0.0,0.0,0.0,0.0,0.0,0.0,0.0,0.0,0.0,0.0,0.0,0.0,0.0,0.0,0.0,0.0,0.0,0.0,0.0,0.0,0.0,0.0,0.0,0.0,0.0,1.0,1.0,1.0,1.0,1.0,1.0,1.0,1.0,1.0,1.0,1.0,1.0,1.0,1.0,1.0,1.0,1.0,1.0,1.0,1.0,1.0,1.0,1.0,1.0,1,0,0,0,0
8000000046646240,80,9.13,0.0,0.0,1.0,1,234.9,234.3,237.7,239.1,239.2,233.7,234.4,233.9,231.7,231.4,231.0,230.5,230.9,232.0,230.9,231.0,232.2,231.3,232.3,232.9,232.2,233.2,232.8,231.9,0.245,8.317,1.889,1.908,1.94,1.512,0.853,0.337,0.311,0.039,0.742,0.118,1.966,2.246,2.049,1.946,0.928,1.072,0.271,0.131,0.79,0.133,0.266,0.232,0.0354,1.9131,0.2693,0.269,0.2765,0.2536,0.116,0.0425,0.0433,0.005,0.0929,0.0134,0.2844,0.3817,0.3065,0.2858,0.1343,0.1769,0.0439,0.0238,0.112,0.0238,0.0444,0.0364,0.623,0.981,0.601,0.589,0.596,0.716,0.579,0.54,0.605,0.565,0.542,0.5,0.621,0.726,0.645,0.64,0.625,0.716,0.708,0.774,0.611,0.766,0.717,0.68,0,0,1,0,0
8000000057307576,3,5.08,0.0,0.0,1.0,3,231.4,233.4,234.1,234.0,234.4,234.5,233.6,234.0,232.2,229.8,234.6,234.3,233.1,233.9,237.0,237.3,237.1,236.0,236.6,236.9,236.1,237.3,235.9,234.7,0.398,0.31,0.164,0.295,0.155,0.293,0.156,0.287,2.794,0.289,0.15,0.288,0.151,0.292,0.152,0.29,0.151,0.294,0.153,0.298,0.152,0.32,0.449,0.391,0.0634,0.0626,0.0179,0.0603,0.0167,0.0603,0.017,0.0591,0.6482,0.0584,0.0158,0.0592,0.0161,0.06,0.016,0.0607,0.0162,0.0613,0.0161,0.0624,0.0162,0.0677,0.0893,0.0589,0.689,0.865,0.467,0.873,0.46,0.877,0.467,0.88,1.0,0.879,0.45,0.878,0.458,0.879,0.444,0.882,0.452,0.884,0.445,0.885,0.452,0.891,0.843,0.642,0,0,0,0,1
8000000059398463,2,4.13,0.0,0.0,1.0,2,204.3,219.4,224.3,232.6,227.0,224.3,230.3,233.7,223.8,220.8,229.3,225.5,216.3,210.6,203.8,216.0,220.2,220.0,206.9,210.6,214.8,217.4,219.1,216.6,0.41,0.299,0.446,0.296,0.451,0.297,0.46,0.497,0.443,0.293,0.458,0.289,0.432,0.288,0.282,0.417,0.282,0.439,0.284,0.407,0.291,0.432,0.297,0.43,0.0071,0.0535,0.0083,0.0523,0.0084,0.0507,0.0086,0.0922,0.0082,0.0507,0.0086,0.0511,0.0077,0.0498,0.0481,0.0076,0.0492,0.008,0.0484,0.0073,0.0491,0.0078,0.0497,0.0077,0.084,0.815,0.083,0.76,0.082,0.761,0.081,0.794,0.082,0.784,0.081,0.784,0.082,0.821,0.837,0.084,0.793,0.082,0.824,0.085,0.785,0.083,0.764,0.082,0,0,1,0,0
8000000055078555,52,5.68,0.0,0.0,1.0,2,233.6,234.0,233.9,236.1,236.6,234.5,235.8,233.2,233.3,231.6,231.3,231.5,231.8,230.7,232.7,233.3,233.2,231.7,232.0,233.1,232.5,231.7,231.3,232.6,1.59,1.635,2.056,1.627,0.68,0.329,1.038,2.795,2.867,2.709,2.774,2.815,2.427,2.56,1.223,0.386,0.383,0.946,0.116,0.116,0.956,0.218,1.364,2.405,0.2334,0.2383,0.3593,0.236,0.0936,0.0459,0.1506,0.4854,0.4122,0.4187,0.4626,0.4753,0.3608,0.4158,0.2031,0.0817,0.0815,0.1327,0.0169,0.0169,0.1352,0.0343,0.2514,0.4168,0.628,0.623,0.747,0.614,0.582,0.595,0.615,0.744,0.616,0.667,0.721,0.729,0.641,0.704,0.713,0.907,0.912,0.605,0.628,0.625,0.608,0.679,0.797,0.745,0,0,0,0,1
6524051300087101,19,2.03,0.14,0.0,0.38,4,230.6,230.5,230.1,230.8,229.6,230.5,229.5,227.6,227.6,226.4,227.6,226.2,225.9,227.8,226.9,228.9,222.1,226.0,226.6,220.7,221.2,225.5,227.9,227.7,0.927,0.906,0.894,0.929,0.9,0.906,0.88,3.431,9.178,1.697,0.876,0.864,0.588,0.887,1.042,1.109,7.787,0.936,0.925,9.129,15.98,1.321,0.968,1.011,0.0846,0.0746,0.0732,0.0221,0.0212,0.0211,0.0722,0.7147,2.0795,0.3271,0.0224,0.0202,0.1172,0.0694,0.1409,0.1487,1.6983,0.0658,0.0553,2.0047,3.5302,0.2821,0.116,0.1281,0.395,0.357,0.355,0.103,0.102,0.101,0.357,0.915,1.0,0.851,0.112,0.103,0.882,0.343,0.596,0.585,1.0,0.311,0.263,1.0,1.0,0.947,0.525,0.556,0,1,0,0,0
8000000053585072,13,6.15,0.0,0.0,1.0,2,231.7,227.3,232.4,233.1,232.4,231.1,231.8,231.2,232.2,232.3,233.7,231.2,232.1,238.1,238.9,237.8,236.0,237.5,236.4,234.4,231.6,230.9,231.7,231.9,1.814,10.646,2.064,1.589,2.065,9.668,0.468,1.108,1.452,0.159,1.01,0.089,1.003,1.042,0.085,1.083,0.062,1.081,0.062,1.062,0.056,0.064,1.043,0.065,0.2791,2.3992,0.3449,0.2259,0.3435,2.2278,0.0674,0.1411,0.332,0.0314,0.1191,0.0079,0.12,0.1256,0.0083,0.1221,0.0071,0.1217,0.0072,0.1206,0.0072,0.0071,0.1181,0.0072,0.664,1.0,0.719,0.61,0.715,1.0,0.621,0.55,1.0,0.85,0.504,0.385,0.51,0.506,0.408,0.474,0.486,0.474,0.493,0.484,0.558,0.482,0.488,0.48,1,0,0,0,0
6525021300037459,34,1.28,0.0,0.0,0.96,1,220.2,225.5,227.3,230.4,229.9,230.9,231.3,231.1,229.9,230.5,229.8,229.5,227.3,223.5,220.0,222.5,220.8,222.9,222.9,222.5,223.0,224.2,218.7,221.2,0.0,0.0,0.0,0.0,0.0,0.0,0.0,0.0,0.0,0.0,0.0,0.0,0.0,0.0,0.0,0.0,0.0,0.0,0.0,0.0,0.0,0.0,0.0,0.0,0.0,0.0,0.0,0.0,0.0,0.0,0.0,0.0,0.0,0.0,0.0,0.0,0.0,0.0,0.0,0.0,0.0,0.0,0.0,0.0,0.0,0.0,0.0,0.0,1.0,1.0,1.0,1.0,1.0,1.0,1.0,1.0,1.0,1.0,1.0,1.0,1.0,1.0,1.0,1.0,1.0,1.0,1.0,1.0,1.0,1.0,1.0,1.0,1,0,0,0,0
8000000059441443,265,4.13,0.0,0.0,0.96,2,228.2,232.8,232.4,233.6,234.0,234.2,235.0,234.0,231.0,230.9,231.5,227.6,222.6,223.4,226.3,229.3,230.8,231.6,231.3,231.0,227.9,229.5,229.1,228.2,0.865,0.213,0.216,0.207,0.204,0.202,0.213,0.213,0.209,0.422,0.529,0.532,3.616,0.516,9.526,0.722,0.733,0.735,0.74,0.745,0.741,0.882,0.848,0.73,0.1635,0.0313,0.0308,0.031,0.0306,0.0306,0.0319,0.0314,0.0305,0.0708,0.0883,0.0871,0.8024,0.0958,2.1529,0.1201,0.1219,0.1208,0.12135,0.1219,0.1202,0.147,0.1458,0.1261,0.828,0.632,0.614,0.641,0.641,0.646,0.638,0.63,0.632,0.726,0.721,0.719,1.0,0.831,1.0,0.725,0.72,0.709,0.7084999999999999,0.708,0.712,0.726,0.75,0.757,0,0,1,0,0
8000000046480923,34,9.53,0.0,0.0,1.0,1,232.3,233.6,236.6,237.2,237.5,233.0,231.9,232.3,230.7,229.1,229.1,228.9,229.9,230.0,228.7,229.8,230.6,231.6,230.9,230.2,231.1,230.7,231.0,230.3,0.0,0.0,0.0,0.0,0.0,0.0,0.0,0.0,0.0,0.0,0.0,0.0,0.0,0.0,0.0,0.0,0.0,0.0,0.0,0.0,0.0,0.0,0.0,0.0,0.0,0.0,0.0,0.0,0.0,0.0,0.0,0.0,0.0,0.0,0.0,0.0,0.0,0.0,0.0,0.0,0.0,0.0,0.0,0.0,0.0,0.0,0.0,0.0,1.0,1.0,1.0,1.0,1.0,1.0,1.0,1.0,1.0,1.0,1.0,1.0,1.0,1.0,1.0,1.0,1.0,1.0,1.0,1.0,1.0,1.0,1.0,1.0,0,1,0,0,0
8000000045012805,2,10.77,0.0,0.0,0.83,1,239.1,241.2,240.4,239.7,240.7,240.2,239.8,239.0,236.2,235.0,231.8,234.6,233.3,233.9,234.7,234.7,230.8,228.9,229.1,238.6,239.7,240.1,241.5,238.7,0.0,0.0,0.0,0.0,0.0,0.0,0.0,0.0,0.0,0.0,0.0,0.0,0.0,0.0,0.0,0.0,0.0,0.0,0.0,0.0,0.0,0.0,0.0,0.0,0.0,0.0,0.0,0.0,0.0,0.0,0.0,0.0,0.0,0.0,0.0,0.0,0.0,0.0,0.0,0.0,0.0,0.0,0.0,0.0,0.0,0.0,0.0,0.0,1.0,1.0,1.0,1.0,1.0,1.0,1.0,1.0,1.0,1.0,1.0,1.0,1.0,1.0,1.0,1.0,1.0,1.0,1.0,1.0,1.0,1.0,1.0,1.0,0,1,0,0,0
8000000059532911,38,4.1,0.0,0.0,0.88,2,226.8,229.7,230.0,230.1,231.9,233.0,231.4,232.4,231.1,230.3,230.8,229.0,227.0,227.3,226.6,227.7,227.5,225.8,226.4,227.3,226.8,230.1,227.6,228.0,0.578,0.582,0.587,0.579,0.575,0.567,0.564,0.56,0.567,0.574,1.002,1.02,1.027,1.029,1.034,1.02,1.029,1.036,1.037,1.038,1.03,1.023,1.031,1.021,0.0702,0.0703,0.071,0.0703,0.0704,0.0704,0.0704,0.0704,0.0708,0.0701,0.1824,0.1823,0.1831,0.1834,0.1829,0.1825,0.1827,0.1832,0.1824,0.1832,0.1831,0.1823,0.1837,0.1837,0.535,0.525,0.525,0.527,0.527,0.532,0.539,0.545,0.538,0.532,0.789,0.783,0.784,0.784,0.783,0.787,0.779,0.784,0.777,0.775,0.78,0.777,0.782,0.789,1,0,0,0,0
8000000058271826,7,4.77,0.14,0.0,0.71,2,217.5,213.9,224.8,226.5,225.7,224.1,222.5,218.5,221.0,211.5,215.3,205.0,208.9,210.4,209.8,212.6,214.2,213.7,220.5,213.7,217.2,202.3,194.6,211.1,16.325,2.538,3.928,2.307,0.93,3.03,1.739,3.06,0.905,0.874,0.88,1.534,18.842,1.947,1.964,1.944,1.396,2.855,3.959,4.749,3.211,4.063,3.983,2.879,3.5168,0.4293,0.7048,0.3422,0.1347,0.5286,0.2658,0.2777,0.1342,0.1227,0.1241,0.2468,3.6746,0.3306,0.3303,0.3326,0.2481,0.5114,0.7296,0.8473,0.6259,0.7485,0.698,0.5176,0.991,0.79,0.8,0.656,0.64,0.778,0.686,0.805,0.671,0.668,0.655,0.785,0.933,0.807,0.803,0.803,0.83,0.838,0.833,0.835,0.897,0.91,0.899,0.851,0,1,0,0,0
8000000047130621,6,8.7,0.14,0.0,0.96,1,231.3,232.2,234.3,233.9,234.1,233.7,234.1,230.7,230.6,229.5,229.1,229.4,230.3,230.1,229.7,230.6,230.4,230.3,233.1,235.0,234.0,233.5,233.7,234.5,0.0,0.0,0.0,0.0,0.0,0.0,0.0,0.0,0.0,0.0,0.0,0.0,0.0,0.0,0.0,0.0,0.0,0.0,0.0,0.0,0.0,0.0,0.0,0.0,0.0,0.0,0.0,0.0,0.0,0.0,0.0,0.0,0.0,0.0,0.0,0.0,0.0,0.0,0.0,0.0,0.0,0.0,0.0,0.0,0.0,0.0,0.0,0.0,1.0,1.0,1.0,1.0,1.0,1.0,1.0,1.0,1.0,1.0,1.0,1.0,1.0,1.0,1.0,1.0,1.0,1.0,1.0,1.0,1.0,1.0,1.0,1.0,1,0,0,0,0
8000000043258574,39,11.71,1.0,0.0,0.29,1,234.2,235.6,236.2,237.9,234.3,234.1,234.8,234.5,233.5,232.9,229.8,228.8,230.7,230.1,229.3,229.6,230.6,230.1,231.9,230.7,229.9,229.9,228.9,229.5,0.0,0.0,0.0,0.0,0.0,0.0,0.0,0.0,0.0,0.0,0.0,0.0,0.0,0.0,0.0,0.0,0.0,0.0,0.0,0.0,0.0,0.0,0.0,0.0,0.0,0.0,0.0,0.0,0.0,0.0,0.0,0.0,0.0,0.0,0.0,0.0,0.0,0.0,0.0,0.0,0.0,0.0,0.0,0.0,0.0,0.0,0.0,0.0,1.0,1.0,1.0,1.0,1.0,1.0,1.0,1.0,1.0,1.0,1.0,1.0,1.0,1.0,1.0,1.0,1.0,1.0,1.0,1.0,1.0,1.0,1.0,1.0,0,0,0,1,1
8000000058421721,45,4.73,0.0,0.0,0.96,1,227.0,225.4,225.5,223.4,228.2,228.7,227.0,226.0,224.5,226.8,224.4,225.3,224.25,223.2,222.4,225.3,223.2,222.4,222.2,223.5,222.2,225.4,224.3,226.8,2.441,1.819,1.627,0.604,0.377,1.357,0.549,0.544,1.329,4.111,3.104,3.599,3.2960000000000003,2.993,1.24,0.449,1.247,0.44,0.447,1.241,0.436,0.469,0.529,1.302,0.44,0.28,0.2805,0.0799,0.0532,0.1608,0.0784,0.0761,0.179,0.6451,0.5054,0.5983,0.5191,0.4399,0.1368,0.0385,0.134,0.037,0.0432,0.1309,0.0362,0.0574,0.0776,0.1534,0.799,0.689,0.764,0.592,0.618,0.518,0.629,0.619,0.6,0.691,0.725,0.737,0.6975,0.658,0.5,0.38,0.481,0.378,0.435,0.472,0.373,0.543,0.654,0.519,1,0,0,0,0
8000000057299870,7,5.08,0.0,0.0,1.0,1,232.6,233.3,234.1,234.2,234.5,234.8,234.6,234.4,233.1,232.2,235.5,235.3,234.4,235.1,238.4,238.0,237.8,237.3,237.1,237.2,236.4,238.0,236.2,235.9,2.578,2.105,0.839,0.982,0.889,0.867,0.898,0.854,0.839,0.886,0.748,0.919,1.048,0.767,0.773,0.894,1.551,1.69,1.126,1.557,1.689,1.862,2.222,1.397,0.5234,0.4091,0.11,0.1326,0.1165,0.1126,0.1192,0.1104,0.1072,0.1147,0.093,0.1482,0.1708,0.0916,0.0946,0.1147,0.3099,0.3333,0.2323,0.35,0.2614,0.3638,0.4316,0.2111,0.872,0.833,0.56,0.576,0.559,0.553,0.566,0.551,0.548,0.557,0.528,0.685,0.695,0.508,0.513,0.539,0.84,0.831,0.87,0.947,0.654,0.821,0.822,0.64,0,0,0,0,1
8000000058601279,7,4.68,0.0,0.0,1.0,2,227.5,228.7,228.6,229.1,229.3,229.9,229.4,229.3,227.6,226.9,228.6,224.8,226.1,225.9,224.5,226.4,226.3,224.2,223.0,226.4,225.1,223.9,224.3,224.8,0.0,0.0,0.0,0.0,0.0,0.0,0.0,0.0,0.0,0.0,0.0,2.572,0.0,0.0,0.0,0.0,0.0,0.0,0.0,0.0,0.0,0.0,0.0,0.0,0.0,0.0,0.0,0.0,0.0,0.0,0.0,0.0,0.0,0.0,0.0,0.5159,0.0,0.0,0.0,0.0,0.0,0.0,0.0,0.0,0.0,0.0,0.0,0.0,1.0,1.0,1.0,1.0,1.0,1.0,1.0,1.0,1.0,1.0,1.0,0.891,1.0,1.0,1.0,1.0,1.0,1.0,1.0,1.0,1.0,1.0,1.0,1.0,0,0,0,0,1
8000000058867867,30,4.62,0.0,0.0,1.0,3,233.1,234.0,233.6,234.7,235.1,234.4,234.4,234.3,232.0,232.5,233.3,229.9,230.8,229.9,228.4,231.4,229.3,231.5,231.7,231.0,230.4,230.4,229.8,233.3,0.391,0.449,0.514,0.532,0.412,0.257,0.527,0.54,9.459,0.744,0.666,0.514,0.475,0.144,0.142,0.14,0.472,0.142,0.342,0.44,0.474,0.709,0.217,0.22,0.0495,0.0646,0.0766,0.0804,0.058,0.0204,0.0795,0.0813,2.1941,0.1124,0.102,0.0774,0.0715,0.0114,0.0112,0.0111,0.0711,0.0113,0.0499,0.0658,0.0708,0.1283,0.021,0.0207,0.543,0.615,0.638,0.644,0.599,0.338,0.643,0.642,1.0,0.65,0.656,0.655,0.652,0.344,0.345,0.343,0.657,0.344,0.63,0.647,0.648,0.785,0.421,0.403,0,0,0,0,1
8000000046661494,60,9.11,0.0,0.0,1.0,2,230.7,231.8,233.1,234.0,235.7,236.6,236.2,235.7,231.8,231.2,228.4,230.8,232.0,229.4,226.7,233.4,231.6,229.2,227.7,228.7,228.4,229.9,229.7,229.8,0.0,0.0,0.0,0.0,0.0,0.0,0.0,0.0,0.0,0.0,0.0,0.0,0.0,0.0,0.0,0.0,0.0,0.0,0.0,0.0,0.0,0.0,0.0,0.0,0.0,0.0,0.0,0.0,0.0,0.0,0.0,0.0,0.0,0.0,0.0,0.0,0.0,0.0,0.0,0.0,0.0,0.0,0.0,0.0,0.0,0.0,0.0,0.0,1.0,1.0,1.0,1.0,1.0,1.0,1.0,1.0,1.0,1.0,1.0,1.0,1.0,1.0,1.0,1.0,1.0,1.0,1.0,1.0,1.0,1.0,1.0,1.0,0,0,1,0,0
6524071900007655,3,1.85,0.14,0.0,1.0,1,234.2,236.0,237.0,238.5,238.9,233.6,233.8,233.5,232.3,231.2,231.7,230.5,231.5,232.3,233.0,231.3,231.4,233.6,232.7,232.5,232.8,232.4,233.7,231.8,0.0,0.0,0.0,0.0,0.0,0.0,0.0,0.0,0.0,0.0,0.0,0.0,0.0,0.0,0.0,0.0,0.0,0.0,0.0,0.0,0.0,0.0,0.0,0.0,0.0,0.0,0.0,0.0,0.0,0.0,0.0,0.0,0.0,0.0,0.0,0.0,0.0,0.0,0.0,0.0,0.0,0.0,0.0,0.0,0.0,0.0,0.0,0.0,1.0,1.0,1.0,1.0,1.0,1.0,1.0,1.0,1.0,1.0,1.0,1.0,1.0,1.0,1.0,1.0,1.0,1.0,1.0,1.0,1.0,1.0,1.0,1.0,0,0,1,0,0
6524121600032884,12,1.44,0.14,0.0,0.75,3,224.3,219.9,227.0,221.1,222.2,222.4,222.7,221.1,223.1,219.9,220.1,223.0,219.5,222.8,218.2,220.7,218.4,217.2,217.6,215.4,222.1,222.7,222.7,223.2,1.187,1.136,1.158,1.223,0.433,0.432,0.433,0.43,0.431,0.177,0.433,0.173,0.175,0.435,0.433,0.442,0.176,0.178,0.162,0.176,0.427,0.43,0.443,0.448,0.2566,0.24,0.2393,0.2606,0.0728,0.0721,0.0714,0.071,0.0714,0.0202,0.0717,0.0203,0.02,0.0719,0.0714,0.0738,0.02,0.02,0.0179,0.02,0.0694,0.0697,0.0719,0.0726,1.0,1.0,0.91,1.0,0.756,0.751,0.74,0.747,0.742,0.519,0.752,0.527,0.52,0.742,0.756,0.756,0.52,0.518,0.508,0.527,0.732,0.728,0.729,0.726,0,1,0,0,0
8000000061787667,4,2.71,0.14,0.0,0.71,1,231.6,228.7,231.2,232.0,231.3,230.8,232.9,232.6,217.3,233.9,234.1,225.1,228.3,234.7,233.2,232.6,235.1,237.3,237.5,233.7,234.0,232.2,236.9,232.9,0.0,0.0,0.0,0.0,0.0,0.0,0.0,0.0,0.0,0.0,0.039,0.0,0.0,0.039,0.039,0.106,0.14,0.092,0.076,0.037,0.036,0.047,0.036,0.035,0.0,0.0,0.0,0.0,0.0,0.0,0.0,0.0,0.0,0.0,0.0047,0.0,0.0,0.0,0.0048,0.0228,0.031,0.019,0.0154,0.0043,0.004,0.0035,0.0037,0.0036,1.0,1.0,1.0,1.0,1.0,1.0,1.0,1.0,1.0,1.0,0.516,1.0,1.0,0.483,0.533,0.926,0.942,0.871,0.855,0.5,0.476,0.321,0.435,0.444,1,0,0,0,0
8000000046762357,263,8.98,0.0,0.0,1.0,2,233.2,230.3,231.4,231.8,232.2,231.8,231.8,231.8,232.4,231.4,229.8,230.8,229.6,229.7,230.0,229.2,231.2,231.4,231.1,231.8,231.9,231.5,231.3,232.1,1.163,1.173,0.488,0.13,0.702,0.705,0.119,0.098,0.099,0.717,0.098,0.098,0.098,0.099,0.703,0.098,0.707,0.099,0.099,0.731,0.099,0.711,0.099,0.714,0.2377,0.147,0.0725,0.0166,0.0949,0.0964,0.0133,0.011,0.011,0.0955,0.0108,0.0109,0.0107,0.0108,0.0928,0.0107,0.0914,0.0109,0.0109,0.1026,0.0109,0.094,0.011,0.0928,0.876,0.544,0.642,0.551,0.582,0.589,0.483,0.482,0.48,0.576,0.478,0.48,0.477,0.477,0.574,0.476,0.559,0.478,0.476,0.606,0.478,0.569,0.477,0.559,0,0,1,0,0
8000000056472185,26,5.31,0.29,0.0,0.79,2,237.2,236.6,237.8,237.5,238.0,238.1,237.4,237.6,237.1,236.9,236.2,236.7,235.5,235.7,237.0,237.7,238.2,237.8,237.7,238.8,239.5,238.7,238.7,238.7,0.0,0.0,0.0,0.0,0.0,0.0,0.0,0.0,0.0,0.0,0.0,0.0,0.0,0.0,0.0,0.0,0.0,0.0,0.0,0.0,0.0,0.0,0.0,0.0,0.0,0.0,0.0,0.0,0.0,0.0,0.0,0.0,0.0,0.0,0.0,0.0,0.0,0.0,0.0,0.0,0.0,0.0,0.0,0.0,0.0,0.0,0.0,0.0,1.0,1.0,1.0,1.0,1.0,1.0,1.0,1.0,1.0,1.0,1.0,1.0,1.0,1.0,1.0,1.0,1.0,1.0,1.0,1.0,1.0,1.0,1.0,1.0,0,1,0,0,0
8000000044231330,39,11.13,0.14,0.0,0.38,3,220.9,228.3,232.8,231.9,233.7,234.8,231.1,222.7,225.1,216.9,232.3,228.6,229.3,228.1,230.1,231.8,230.2,232.6,231.3,230.1,228.3,227.9,226.1,225.4,6.886,3.948,0.398,0.347,0.257,0.378,0.378,0.384,0.387,8.745,0.229,0.227,0.228,0.227,0.226,0.232,0.23,0.222,0.226,0.23,0.188,0.777,0.813,0.933,1.5188,0.8985,0.077,0.0667,0.0534,0.0768,0.0752,0.0752,0.0755,1.8955,0.0502,0.049,0.049,0.0486,0.049,0.0494,0.0495,0.0486,0.049,0.0495,0.0274,0.171,0.176,0.1914,1.0,1.0,0.832,0.832,0.889,0.865,0.863,0.882,0.867,1.0,0.948,0.947,0.941,0.94,0.947,0.92,0.936,0.94,0.941,0.931,0.642,0.968,0.96,0.912,1,0,0,0,0
8000000055822011,5,5.53,0.0,0.0,1.0,1,218.3,219.4,220.5,218.4,217.6,218.4,219.6,217.0,217.9,215.6,214.6,213.5,214.9,215.2,216.4,217.0,217.8,218.7,217.9,216.7,216.2,216.2,216.2,216.2,0.064,0.112,0.064,0.292,0.072,0.071,0.071,1.113,0.065,0.066,0.061,0.055,0.068,3.654,3.561,3.064,1.118,0.068,0.054,0.066,0.116,0.116,0.116,0.116,0.0053,0.013,0.0054,0.0581,0.0054,0.0053,0.0054,0.2285,0.0053,0.0054,0.0053,0.0053,0.0054,0.5233,0.4766,0.389,0.1598,0.0054,0.0053,0.0054,0.0129,0.0129,0.0129,0.0129,0.381,0.53,0.382,0.912,0.346,0.341,0.348,0.946,0.375,0.38,0.407,0.452,0.369,0.665,0.618,0.585,0.656,0.364,0.452,0.377,0.377,0.377,0.377,0.377,1,0,0,0,0
6525051300021811,41,1.03,0.0,0.0,1.0,3,236.4,238.0,238.3,239.4,239.7,240.05,240.4,240.1,237.5,237.4,239.7,236.15,232.6,233.4,240.2,242.5,241.4,239.8,238.2,239.9,238.7,228.2,233.5,238.8,0.248,0.246,0.243,0.236,0.237,0.2244999999999999,0.212,0.214,0.208,0.205,0.196,0.212,0.228,0.224,0.219,0.212,0.197,0.206,0.215,0.201,0.205,0.249,0.2405,0.232,0.03,0.0303,0.0303,0.0302,0.0306,0.0304,0.0302,0.0301,0.0282,0.0278,0.0273,0.02815,0.029,0.0288,0.0288,0.0284,0.0274,0.02865,0.0299,0.0278,0.0283,0.0287,0.02985,0.031,0.511,0.517,0.523,0.535,0.538,0.5655,0.593,0.586,0.57,0.572,0.582,0.5645,0.547,0.551,0.547,0.552,0.576,0.5794999999999999,0.583,0.576,0.578,0.505,0.532,0.559,0,1,0,0,0
8000000046282717,37,9.75,0.0,0.0,1.0,2,214.3,221.5,223.7,217.5,220.5,218.8,218.5,222.5,219.9,214.7,220.1,223.0,222.3,218.1,218.4,221.5,221.8,222.6,223.3,219.9,218.0,217.4,214.2,220.5,2.597,0.643,0.55,0.343,0.688,0.506,0.331,0.499,0.545,0.328,0.51,0.507,0.335,0.505,0.568,0.581,0.536,0.6,0.556,0.451,0.547,0.528,0.952,0.34,0.4886,0.0918,0.0747,0.0248,0.1015,0.0635,0.0216,0.064,0.0729,0.0212,0.0637,0.0637,0.022,0.064,0.074,0.0827,0.0702,0.0812,0.0772,0.0458,0.0708,0.066,0.1585,0.0216,0.877,0.644,0.607,0.332,0.669,0.573,0.298,0.576,0.608,0.301,0.567,0.563,0.295,0.579,0.596,0.642,0.591,0.607,0.621,0.462,0.593,0.575,0.777,0.288,0,0,0,0,1
8000000047652530,7,8.1,0.0,0.0,1.0,1,235.9,233.9,235.5,236.1,236.3,235.5,236.8,236.7,237.2,237.8,237.5,236.6,236.2,235.3,236.1,237.2,238.3,238.4,238.6,237.8,237.0,237.6,237.7,236.4,0.571,0.055,0.055,0.566,0.049,0.572,0.049,0.05,0.57,0.279,0.051,0.561,0.05,0.571,0.053,0.3204999999999999,0.588,0.057,0.067,0.582,0.058,0.057,0.907,0.295,0.0775,0.0119,0.0119,0.0752,0.0106,0.079,0.0106,0.0106,0.0749,0.0477,0.0109,0.073,0.0106,0.0782,0.01,0.01,0.0796,0.0129,0.0146,0.0799,0.0128,0.0128,0.1514,0.0434,0.581,0.93,0.923,0.565,0.898,0.589,0.898,0.89,0.561,0.944,0.893,0.552,0.89,0.59,0.889,0.73,0.571,0.941,0.912,0.579,0.927,0.934,0.812,1.0,1,0,0,0,0
8000000051888092,17,6.89,0.0,0.0,1.0,3,230.6,231.6,233.2,233.1,233.6,233.3,233.7,232.9,232.9,232.3,230.2,228.7,229.5,229.7,229.4,229.6,229.7,227.8,229.7,229.7,230.7,229.3,228.7,231.1,0.0,0.0,0.0,0.0,0.0,0.0,0.0,0.0,0.0,0.0,0.0,0.0,0.0,0.0,0.0,0.0,0.0,0.0,0.0,0.0,0.0,0.0,0.0,0.0,0.0,0.0,0.0,0.0,0.0,0.0,0.0,0.0,0.0,0.0,0.0,0.0,0.0,0.0,0.0,0.0,0.0,0.0,0.0,0.0,0.0,0.0,0.0,0.0,1.0,1.0,1.0,1.0,1.0,1.0,1.0,1.0,1.0,1.0,1.0,1.0,1.0,1.0,1.0,1.0,1.0,1.0,1.0,1.0,1.0,1.0,1.0,1.0,0,0,0,0,1
8000000057304931,6,5.08,0.0,0.0,1.0,3,232.1,232.4,233.6,233.8,233.9,234.2,234.2,234.3,231.8,230.0,234.8,234.9,232.8,234.1,236.9,235.4,237.1,236.2,236.5,236.9,237.0,236.9,233.4,235.4,0.456,0.487,0.457,0.454,0.459,0.458,0.458,0.455,0.454,0.451,0.452,0.449,0.45,0.454,0.451,0.87,1.252,0.855,0.823,0.813,0.807,0.837,1.237,0.522,0.0309,0.0402,0.0316,0.0302,0.0316,0.0317,0.0316,0.0308,0.0309,0.0321,0.0309,0.0306,0.0311,0.0311,0.0309,0.1149,0.1742,0.1111,0.1102,0.1089,0.1071,0.1076,0.1785,0.0549,0.292,0.355,0.296,0.284,0.294,0.295,0.294,0.288,0.293,0.309,0.291,0.29,0.297,0.292,0.289,0.561,0.586,0.55,0.566,0.565,0.56,0.542,0.618,0.447,0,0,0,0,1
8000000051885269,4,6.89,0.0,0.0,1.0,4,231.6,232.6,233.6,233.7,233.4,234.2,233.9,233.9,234.1,233.1,229.2,229.2,230.7,230.4,228.4,230.7,230.7,229.6,230.8,230.0,229.5,230.6,231.2,232.8,0.171,0.165,0.436,0.166,0.263,0.448,0.168,0.171,0.446,0.17,0.416,0.586,0.17,0.42,0.485,0.17,0.426,0.176,0.175,0.429,0.175,0.173,0.43,0.177,0.0195,0.0196,0.0818,0.0197,0.0379,0.0845,0.0203,0.0209,0.0847,0.0202,0.0751,0.1175,0.0194,0.0758,0.0921,0.0195,0.0771,0.0201,0.0197,0.0776,0.02,0.02,0.0783,0.0201,0.492,0.511,0.803,0.509,0.618,0.805,0.517,0.523,0.811,0.51,0.788,0.874,0.494,0.783,0.831,0.497,0.785,0.497,0.488,0.787,0.498,0.502,0.787,0.487,0,0,0,0,1
6525011300018768,1,1.36,0.0,0.0,1.0,2,233.6,235.0,236.9,237.6,237.4,237.2,237.3,237.2,237.1,236.2,236.0,235.0,234.4,234.4,234.0,234.0,234.4,235.2,234.7,235.2,235.0,234.6,235.4,233.6,30.307,30.132,0.0,0.0,0.0,0.0,0.0,0.0,0.0,0.0,0.0,0.0,0.0,0.0,0.0,0.0,0.0,0.0,0.0,0.0,0.0,0.0,0.0,30.391,7.0706,7.0709,0.0,0.0,0.0,0.0,0.0,0.0,0.0,0.0,0.0,0.0,0.0,0.0,0.0,0.0,0.0,0.0,0.0,0.0,0.0,0.0,0.0,7.091,0.998,0.998,1.0,1.0,1.0,1.0,1.0,1.0,1.0,1.0,1.0,1.0,1.0,1.0,1.0,1.0,1.0,1.0,1.0,1.0,1.0,1.0,1.0,0.998,0,1,0,0,0
6525040700063131,0,1.13,0.0,0.0,1.0,1,231.6,224.6,227.6,227.8,226.3,228.7,230.5,229.2,222.8,223.0,229.4,227.3,228.8,229.4,227.4,227.9,228.9,230.7,229.4,229.6,227.2,229.2,225.9,223.0,1.136,5.117,4.891,5.205,4.487,4.466,3.717,2.99,8.479,1.32,0.709,2.722,0.483,0.847,1.403,0.622,0.897,1.704,0.743,0.565,0.785,2.509,0.822,6.694,0.1986,0.9542,0.9314,1.0245,0.859,0.8549,0.725,0.56,1.8693,0.2496,0.1343,0.467,0.0995,0.187,0.3149,0.1258,0.1936,0.3869,0.1375,0.0763,0.1424,0.4733,0.126,1.3052,0.838,0.999,1.0,0.992,1.0,1.0,0.988,1.0,0.99,0.93,0.987,0.767,0.975,0.987,0.995,0.929,0.966,0.992,0.95,0.801,0.953,0.832,0.853,0.986,0,0,0,0,1
8000000047535686,34,8.18,0.0,0.0,1.0,1,226.7,223.5,223.2,224.0,223.3,223.7,224.1,224.3,223.2,223.5,223.8,223.7,223.0,223.0,223.5,225.6,224.9,224.7,224.2,223.1,221.7,222.3,221.4,226.5,0.07,0.069,0.227,0.235,0.402,0.567,0.388,0.55,0.383,0.543,0.391,0.071,0.376,1.858,0.561,0.072,0.549,1.675,0.07,3.552,8.14,0.919,0.07,0.856,0.0117,0.0116,0.0219,0.0224,0.0856,0.0895,0.0832,0.0839,0.0817,0.0825,0.082,0.0115,0.0795,0.386,0.0888,0.0115,0.083,0.2607,0.0114,0.7884,1.8023,0.1688,0.0115,0.156,0.731,0.745,0.912,0.918,1.0,0.717,1.0,0.69,1.0,0.689,1.0,0.718,1.0,0.943,0.72,0.711,0.686,1.0,0.721,1.0,1.0,0.85,0.737,0.81,0,0,0,0,1
8000000054441892,33,5.92,0.0,0.0,0.96,2,232.5,221.9,229.6,231.5,224.7,227.5,226.7,213.2,221.7,224.9,221.0,220.7,221.3,212.1,224.8,212.0,231.3,227.6,228.6,226.5,226.5,222.8,219.3,223.4,0.0,0.0,0.0,0.286,0.0,0.068,0.069,0.279,0.0,6.93,0.27,8.613,7.035,4.225,7.075,0.0,4.088,3.418,0.0,0.264,0.0,0.27,0.11,0.0,0.0,0.0,0.0,0.0614,0.0,0.0071,0.0072,0.0567,0.0,1.5886,0.0579,1.9376,1.5866,0.6315,1.6207,0.0,0.6836,0.5059,0.0,0.0571,0.0,0.0579,0.013,0.0,1.0,1.0,1.0,0.927,1.0,0.461,0.461,1.0,1.0,1.0,1.0,1.0,1.0,0.704,1.0,1.0,0.723,0.65,1.0,1.0,1.0,1.0,0.539,1.0,1,0,0,0,0
8000000061314580,264,2.97,0.0,0.0,1.0,1,227.4,228.6,228.7,229.8,230.2,229.8,229.9,229.9,227.4,227.1,225.9,225.3,224.2,225.1,224.7,224.8,225.0,225.7,225.4,225.3,225.4,225.7,225.5,227.1,0.0,0.0,0.0,0.0,0.0,0.0,0.0,0.0,0.0,0.0,0.0,0.0,0.0,0.0,0.0,0.0,0.0,0.0,0.0,0.0,0.0,0.0,0.0,0.0,0.0,0.0,0.0,0.0,0.0,0.0,0.0,0.0,0.0,0.0,0.0,0.0,0.0,0.0,0.0,0.0,0.0,0.0,0.0,0.0,0.0,0.0,0.0,0.0,1.0,1.0,1.0,1.0,1.0,1.0,1.0,1.0,1.0,1.0,1.0,1.0,1.0,1.0,1.0,1.0,1.0,1.0,1.0,1.0,1.0,1.0,1.0,1.0,0,0,1,0,0
8000000045587838,965,10.08,0.0,0.0,1.0,4,222.8,223.0,223.9,224.0,224.3,223.8,223.7,223.9,222.0,222.6,223.2,223.2,222.9,223.7,223.1,224.2,222.4,223.2,223.3,223.3,223.0,222.8,222.4,223.8,0.0,0.0,0.0,0.0,0.0,0.0,0.0,0.0,0.0,0.0,0.0,0.0,0.0,0.0,0.0,0.0,0.0,0.0,0.0,0.0,0.0,0.0,0.0,0.0,0.0,0.0,0.0,0.0,0.0,0.0,0.0,0.0,0.0,0.0,0.0,0.0,0.0,0.0,0.0,0.0,0.0,0.0,0.0,0.0,0.0,0.0,0.0,0.0,1.0,1.0,1.0,1.0,1.0,1.0,1.0,1.0,1.0,1.0,1.0,1.0,1.0,1.0,1.0,1.0,1.0,1.0,1.0,1.0,1.0,1.0,1.0,1.0,0,0,1,0,0
8000000060637255,25,3.4,0.43,0.0,0.38,1,210.5,212.5,215.5,214.0,214.6,212.6,211.8,211.2,207.3,209.0,209.7,208.9,205.9,209.8,213.7,216.2,215.9,214.3,214.4,214.2,213.9,212.1,211.7,211.4,0.0,0.0,0.0,0.0,0.0,0.0,0.0,0.0,0.0,0.0,0.0,0.0,0.0,0.0715,0.143,0.15,0.152,0.154,0.154,0.152,0.153,0.155,0.154,0.156,0.0,0.0,0.0,0.0,0.0,0.0,0.0,0.0,0.0,0.0,0.0,0.0,0.0,0.0078,0.0156,0.0159,0.0159,0.016,0.0159,0.0158,0.0158,0.0158,0.0158,0.0159,1.0,1.0,1.0,1.0,1.0,1.0,1.0,1.0,1.0,1.0,1.0,1.0,0.837,0.6739999999999999,0.511,0.49,0.484,0.484,0.481,0.486,0.483,0.481,0.484,0.483,1,0,0,0,0
8000000059376957,266,4.13,0.0,0.0,1.0,1,230.3,234.3,237.4,240.1,238.9,238.4,238.4,233.7,237.6,234.0,236.4,229.6,225.9,227.9,225.8,228.0,229.8,232.6,234.7,232.9,230.5,227.8,230.2,227.2,0.0,0.0,0.0,0.0,0.0,0.0,0.0,0.0,0.0,0.0,0.0,0.0,0.0,0.0,0.0,0.0,0.0,0.0,0.0,0.0,0.0,0.0,0.0,0.0,0.0,0.0,0.0,0.0,0.0,0.0,0.0,0.0,0.0,0.0,0.0,0.0,0.0,0.0,0.0,0.0,0.0,0.0,0.0,0.0,0.0,0.0,0.0,0.0,1.0,1.0,1.0,1.0,1.0,1.0,1.0,1.0,1.0,1.0,1.0,1.0,1.0,1.0,1.0,1.0,1.0,1.0,1.0,1.0,1.0,1.0,1.0,1.0,0,0,1,0,0
8000000050320251,16,7.45,0.14,0.0,0.75,2,238.7,233.0,235.7,233.7,236.1,235.1,233.7,232.9,232.9,234.4,228.4,239.4,228.0,228.6,243.1,241.0,238.9,237.9,239.5,239.9,239.0,240.6,240.0,242.3,0.041,0.571,0.569,0.56,0.039,0.041,0.04,0.039,0.04,0.039,0.039,0.041,0.039,0.04,0.042,0.3109999999999999,0.58,0.574,0.041,0.113,0.114,0.111,0.113,0.116,0.0099,0.0778,0.0721,0.0702,0.0093,0.0095,0.0093,0.0092,0.0093,0.0093,0.0089,0.0099,0.009,0.0092,0.0101,0.0411,0.0721,0.0697,0.0098,0.0197,0.02,0.0203,0.0202,0.0205,1.0,0.584,0.537,0.536,1.0,1.0,1.0,1.0,1.0,1.0,1.0,1.0,1.0,1.0,1.0,0.76,0.52,0.51,1.0,0.726,0.735,0.76,0.745,0.729,0,1,0,0,0
6524041600057408,2,2.11,0.0,0.0,1.0,1,230.2,226.2,223.2,222.8,226.1,227.1,226.8,224.8,226.0,222.2,221.7,219.2,225.8,224.2,221.3,223.5,226.8,223.9,225.6,224.0,226.3,227.1,224.2,223.8,6.976,4.601,5.495,7.12,5.008,5.511,6.219,5.491,5.906,5.2,6.07,5.106,5.152,1.776,2.114,1.793,2.93,2.707,1.747,1.576,3.162,3.858,7.724,7.641,1.556,1.0374,1.2105,1.5319,1.1124,1.2352,1.3596,1.2196,1.2805,1.0976,1.3127,1.0628,1.1247,0.3266,0.4204,0.334,0.5189,0.53,0.3202,0.2807,0.594,0.7619,1.7185,1.6662,1.0,1.0,1.0,1.0,1.0,1.0,1.0,1.0,1.0,0.949,1.0,0.949,1.0,0.82,0.898,0.833,0.78,0.874,0.812,0.795,0.83,0.869,1.0,1.0,0,0,1,0,0
8000000058976160,30,4.46,0.0,0.0,0.96,1,234.0,233.8,236.3,235.9,236.7,235.6,235.8,234.9,235.0,234.0,232.8,233.1,232.4,233.5,231.7,232.3,232.8,232.6,232.1,233.0,233.3,233.5,233.5,231.8,0.114,0.665,0.626,0.115,0.614,0.62,0.112,0.611,0.115,0.642,1.095,0.629,0.12,0.611,0.651,0.706,0.643,0.632,0.118,0.619,0.632,1.095,0.659,0.652,0.0151,0.1385,0.1301,0.0151,0.1275,0.1291,0.015,0.1265,0.0151,0.1322,0.2459,0.1297,0.0152,0.1254,0.1344,0.1476,0.133,0.1305,0.015,0.1273,0.129,0.2467,0.1348,0.1335,0.567,0.891,0.879,0.557,0.877,0.884,0.568,0.881,0.559,0.88,1.0,0.884,0.546,0.879,0.891,0.9,0.889,0.887,0.549,0.882,0.875,1.0,0.876,0.883,0,0,0,0,1
8000000047159544,24,8.67,0.0,0.0,1.0,1,231.6,232.2,233.2,233.8,233.3,233.1,232.4,232.8,230.9,233.0,234.7,235.0,235.0,238.4,239.1,238.4,237.9,236.8,236.7,234.1,232.9,230.5,231.4,232.0,2.148,1.999,0.031,0.031,0.031,0.031,2.182,2.188,9.982,0.04,0.34,0.03,0.03,0.03,0.03,0.029,2.247,2.224,2.223,2.177,2.152,2.108,2.158,2.349,0.2771,0.3274,0.0073,0.0074,0.0074,0.0073,0.2831,0.2917,2.2741,0.0095,0.0519,0.0072,0.01,0.01,0.0073,0.0071,0.2964,0.2971,0.2999,0.2971,0.2949,0.2859,0.2947,0.3641,0.558,0.715,1.0,1.0,1.0,1.0,0.559,0.574,1.0,1.0,1.0,1.0,1.0,1.0,1.0,1.0,0.556,0.565,0.572,0.585,0.59,0.59,0.592,0.676,1,0,0,0,0
8000000044422347,0,11.07,1.0,0.0,0.75,3,235.5,236.7,238.5,237.3,238.7,239.2,240.7,240.2,238.6,237.6,236.8,232.2,234.7,235.8,234.4,231.2,233.4,234.9,236.05,237.2,236.55,235.9,235.5,235.5,0.567,0.327,0.098,0.715,0.704,0.703,0.028,0.142,0.276,0.223,0.223,5.06,0.693,0.696,0.77,0.753,0.688,3.364,3.3685,3.373,2.754,2.135,1.216,1.216,0.0937,0.0484,0.0129,0.0943,0.0887,0.0871,0.0069,0.0184,0.0406,0.0336,0.0364,1.1676,0.0876,0.0874,0.1143,0.1127,0.0861,0.6024,0.5892,0.576,0.45075,0.3255,0.1887,0.1887,1.0,0.964,1.0,0.557,0.528,0.519,1.0,1.0,0.98,0.973,0.978,0.994,0.54,0.534,0.665,0.674,0.538,0.961,0.9675,0.974,0.987,1.0,0.998,0.998,0,0,0,1,0
8000000057291268,7,5.08,0.0,0.0,1.0,1,231.8,232.8,234.3,234.2,233.7,233.6,234.1,233.9,232.2,231.1,235.5,234.9,234.2,236.2,237.8,237.7,237.1,237.7,236.5,237.6,236.9,236.9,235.4,235.1,0.847,0.653,0.283,0.336,0.578,0.534,0.523,0.507,0.523,2.624,0.232,0.232,0.234,0.233,0.494,0.509,0.274,0.512,0.232,0.242,0.243,0.238,0.513,0.425,0.1801,0.1418,0.0377,0.0475,0.1185,0.1111,0.1085,0.1059,0.0802,0.6044,0.0317,0.0317,0.0315,0.0317,0.1058,0.1107,0.0457,0.1104,0.0313,0.0327,0.0327,0.0309,0.1077,0.0749,0.917,0.932,0.568,0.604,0.877,0.89,0.886,0.893,0.66,1.0,0.58,0.582,0.574,0.576,0.901,0.915,0.704,0.907,0.571,0.569,0.568,0.548,0.892,0.749,0,0,0,0,1
8000000056600993,2,5.21,0.0,0.0,1.0,1,221.3,224.3,228.9,229.2,229.8,227.8,228.8,226.8,225.6,222.3,220.9,220.7,226.1,223.4,222.0,220.8,223.4,224.1,227.2,224.4,221.5,229.3,226.0,220.6,4.58,0.614,0.256,0.519,0.162,0.148,0.14,0.141,0.497,0.127,0.446,0.126,0.451,0.126,0.456,0.52,0.131,0.446,0.127,0.126,0.455,0.127,0.816,0.252,1.0116,0.1271,0.0416,0.1055,0.0233,0.0216,0.0209,0.0207,0.1055,0.0195,0.0903,0.0193,0.092,0.0196,0.0916,0.1073,0.019,0.0905,0.0193,0.0185,0.0917,0.0187,0.1633,0.04,1.0,0.923,0.711,0.887,0.626,0.64,0.653,0.648,0.941,0.691,0.916,0.694,0.902,0.697,0.905,0.934,0.65,0.905,0.67,0.656,0.91,0.642,0.885,0.72,0,0,0,0,1
8000000054862401,26,5.69,0.0,0.0,1.0,2,235.6,236.1,237.0,234.5,234.8,234.5,234.6,232.9,232.8,231.7,234.3,233.1,233.5,234.5,234.1,234.8,233.6,233.4,234.1,234.2,234.7,234.0,235.5,232.9,0.09,0.126,0.09,0.096,0.093,0.092,0.092,0.091,0.066,0.066,0.068,0.064,0.064,0.065,0.064,0.064,0.064,0.064,0.065,0.065,0.065,0.09,0.12,0.089,0.0182,0.0245,0.0182,0.0193,0.0186,0.0182,0.0182,0.0179,0.0122,0.0121,0.0129,0.0119,0.012,0.0122,0.012,0.0119,0.0119,0.0119,0.0123,0.0122,0.0122,0.018,0.0232,0.0178,0.858,0.824,0.854,0.857,0.853,0.846,0.846,0.848,0.797,0.796,0.811,0.798,0.805,0.802,0.805,0.793,0.798,0.798,0.809,0.802,0.802,0.857,0.822,0.859,0,0,0,0,1
8000000043701136,9,11.44,0.0,0.0,1.0,1,236.0,236.7,237.7,234.6,234.8,234.8,235.3,234.2,234.5,233.8,232.7,232.1,236.4,235.7,235.9,236.4,236.4,236.3,236.7,236.4,236.3,236.2,236.9,231.8,0.544,0.588,0.514,0.527,0.508,0.453,0.463,0.244,0.244,0.246,0.458,0.513,0.548,1.299,1.012,1.055,1.057,1.076,1.085,1.054,1.106,0.953,1.104,1.118,0.0839,0.0833,0.0734,0.0749,0.0762,0.0616,0.0637,0.0163,0.0157,0.0169,0.0619,0.0762,0.0797,0.276,0.2155,0.224,0.224,0.2396,0.2412,0.235,0.2448,0.2134,0.236,0.2356,0.653,0.598,0.601,0.605,0.639,0.579,0.584,0.285,0.274,0.294,0.581,0.64,0.615,0.901,0.903,0.897,0.897,0.942,0.939,0.943,0.936,0.948,0.902,0.909,0,0,0,0,1
