user_id,last_op,last_op_time,result,fail_reason,retry_count
USR00001,停电,2026-05-05 09:00:00,成功,,0
USR00002,正常,2026-04-25 09:00:00,成功,,0
USR00003,正常,2026-05-11 09:00:00,成功,,0
USR00004,正常,2026-05-09 09:00:00,成功,,0
USR00005,复电,2026-05-20 09:00:00,成功,,0
USR00006,复电,2026-05-11 09:00:00,成功,,0
USR00007,停电,2026-05-17 09:00:00,成功,,0
USR00008,复电,2026-05-22 09:00:00,成功,,0
USR00009,正常,2026-05-15 09:00:00,成功,,0
USR00010,停电,2026-05-08 09:00:00,成功,,0
USR00011,停电,2026-05-15 09:00:00,成功,,0
USR00012,复电,2026-05-19 09:00:00,成功,,0
USR00013,正常,2026-05-09 09:00:00,成功,,0
USR00014,正常,2026-05-18 09:00:00,成功,,0
USR00015,正常,2026-05-20 09:00:00,成功,,0
USR00016,正常,2026-04-24 09:00:00,成功,,0
USR00017,复电,2026-05-08 09:00:00,成功,,0
USR00018,正常,2026-04-28 09:00:00,成功,,0
USR00019,复电,2026-05-17 09:00:00,成功,,0
USR00020,停电,2026-05-09 09:00:00,成功,,0
USR00021,复电,2026-05-20 09:00:00,成功,,0
USR00022,停电,2026-05-10 09:00:00,成功,,0
USR00023,复电,2026-04-28 09:00:00,成功,,0
USR00024,复电,2026-04-26 09:00:00,成功,,0
USR00025,复电,2026-05-07 09:00:00,成功,,0
USR00026,正常,2026-05-14 09:00:00,成功,,0
USR00027,停电,2026-04-30 09:00:00,成功,,0
USR00028,停电,2026-05-03 09:00:00,成功,,0
USR00029,停电,2026-05-08 09:00:00,成功,,0
USR00030,停电,2026-05-08 09:00:00,成功,,0
USR00031,复电,2026-05-08 09:00:00,成功,,0
USR00032,复电,2026-05-12 09:00:00,成功,,0
USR00033,复电,2026-05-07 09:00:00,成功,,0
USR00034,复电,2026-05-21 09:00:00,成功,,0
USR00035,复电,2026-05-05 09:00:00,成功,,0
USR00036,复电,2026-05-08 09:00:00,成功,,0
USR00037,复电,2026-05-10 09:00:00,成功,,0
USR00038,停电,2026-05-13 09:00:00,成功,,0
USR00039,复电,2026-05-04 09:00:00,成功,,0
USR00040,复电,2026-05-08 09:00:00,成功,,0
USR00041,正常,2026-05-19 09:00:00,成功,,0
USR00042,正常,2026-05-11 09:00:00,成功,,0
USR00043,停电,2026-05-20 09:00:00,成功,,0
USR00044,停电,2026-05-11 09:00:00,成功,,0
USR00045,复电,2026-05-07 09:00:00,成功,,0
USR00046,停电,2026-05-11 09:00:00,成功,,0
USR00047,停电,2026-05-12 09:00:00,成功,,0
USR00048,正常,2026-05-14 09:00:00,成功,,0
USR00049,正常,2026-05-11 09:00:00,成功,,0
USR00050,停电,2026-05-20 09:00:00,成功,,0
USR00051,复电,2026-04-23 09:00:00,成功,,0
USR00052,复电,2026-05-06 09:00:00,成功,,0
USR00053,停电,2026-05-03 09:00:00,成功,,0
USR00054,复电,2026-05-17 09:00:00,成功,,0
USR00055,停电,2026-04-25 09:00:00,成功,,0
USR00056,停电,2026-05-05 09:00:00,成功,,0
USR00057,停电,2026-05-10 09:00:00,成功,,0
USR00058,正常,2026-05-01 09:00:00,成功,,0
USR00059,停电,2026-05-13 09:00:00,成功,,0
USR00060,复电,2026-04-24 09:00:00,成功,,0
USR00061,复电,2026-05-17 09:00:00,成功,,0
USR00062,复电,2026-04-28 09:00:00,成功,,0
USR00063,正常,2026-04-24 09:00:00,成功,,0
USR00064,复电,2026-05-20 09:00:00,失败,表端无响应,2
USR00065,正常,2026-05-02 09:00:00,成功,,0
USR00066,复电,2026-04-23 09:00:00,成功,,0
USR00067,停电,2026-05-04 09:00:00,成功,,0
USR00068,停电,2026-05-13 09:00:00,成功,,0
USR00069,停电,2026-05-21 09:00:00,成功,,0
USR00070,停电,2026-05-21 09:00:00,成功,,0
USR00071,复电,2026-05-21 09:00:00,失败,报文超时,3
USR00072,停电,2026-05-14 09:00:00,成功,,0
USR00073,复电,2026-05-11 09:00:00,成功,,0
USR00074,复电,2026-05-15 09:00:00,成功,,0
USR00075,停电,2026-05-04 09:00:00,成功,,0
USR00076,停电,2026-05-19 09:00:00,成功,,0
USR00077,正常,2026-05-10 09:00:00,成功,,0
USR00078,停电,2026-04-23 09:00:00,成功,,0
USR00079,复电,2026-04-23 09:00:00,成功,,0
USR00080,正常,2026-05-07 09:00:00,成功,,0
USR00081,复电,2026-05-15 09:00:00,成功,,0
USR00082,复电,2026-05-05 09:00:00,成功,,0
USR00083,正常,2026-05-08 09:00:00,成功,,0
USR00084,停电,2026-05-21 09:00:00,成功,,0
USR00085,正常,2026-04-23 09:00:00,成功,,0
USR00086,复电,2026-05-13 09:00:00,成功,,0
USR00087,正常,2026-05-11 09:00:00,成功,,0
USR00088,停电,2026-05-07 09:00:00,成功,,0
USR00089,停电,2026-04-26 09:00:00,成功,,0
USR00090,停电,2026-04-29 09:00:00,成功,,0
USR00091,停电,2026-05-16 09:00:00,成功,,0
USR00092,复电,2026-05-01 09:00:00,成功,,0
USR00093,停电,2026-04-26 09:00:00,成功,,0
USR00094,复电,2026-05-01 09:00:00,成功,,0
USR00095,复电,2026-05-18 09:00:00,成功,,0
USR00096,停电,2026-05-06 09:00:00,成功,,0
USR00097,停电,2026-04-27 09:00:00,成功,,0
USR00098,正常,2026-05-17 09:00:00,成功,,0
USR00099,复电,2026-05-06 09:00:00,成功,,0
USR00100,正常,2026-05-02 09:00:00,成功,,0
USR00101,复电,2026-05-03 09:00:00,成功,,0
USR00102,停电,2026-05-19 09:00:00,成功,,0
USR00103,正常,2026-05-14 09:00:00,成功,,0
USR00104,正常,2026-05-06 09:00:00,成功,,0
USR00105,停电,2026-05-16 09:00:00,成功,,0
USR00106,复电,2026-05-12 09:00:00,成功,,0
USR00107,正常,2026-05-10 09:00:00,成功,,0
USR00108,复电,2026-05-22 09:00:00,成功,,0
USR00109,复电,2026-05-07 09:00:00,成功,,0
USR00110,复电,2026-04-23 09:00:00,成功,,0
USR00111,复电,2026-05-10 09:00:00,成功,,0
USR00112,停电,2026-05-14 09:00:00,成功,,0
USR00113,正常,2026-05-15 09:00:00,成功,,0
USR00114,复电,2026-05-07 09:00:00,成功,,0
USR00115,停电,2026-05-09 09:00:00,成功,,0
USR00116,停电,2026-04-27 09:00:00,成功,,0
USR00117,停电,2026-05-03 09:00:00,成功,,0
USR00118,正常,2026-05-11 09:00:00,成功,,0
USR00119,停电,2026-05-11 09:00:00,成功,,0
USR00120,停电,2026-05-06 09:00:00,成功,,0
USR00121,正常,2026-05-15 09:00:00,成功,,0
USR00122,复电,2026-05-10 09:00:00,成功,,0
USR00123,停电,2026-05-14 09:00:00,成功,,0
USR00124,正常,2026-05-07 09:00:00,成功,,0
USR00125,正常,2026-05-06 09:00:00,成功,,0
USR00126,停电,2026-04-27 09:00:00,成功,,0
USR00127,复电,2026-05-15 09:00:00,成功,,0
USR00128,正常,2026-04-25 09:00:00,成功,,0
USR00129,复电,2026-05-06 09:00:00,成功,,0
USR00130,停电,2026-05-01 09:00:00,成功,,0
USR00131,停电,2026-05-04 09:00:00,成功,,0
USR00132,正常,2026-04-28 09:00:00,成功,,0
USR00133,复电,2026-05-03 09:00:00,成功,,0
USR00134,复电,2026-05-22 09:00:00,成功,,0
USR00135,正常,2026-05-11 09:00:00,成功,,0
USR00136,正常,2026-04-24 09:00:00,成功,,0
USR00137,复电,2026-05-09 09:00:00,成功,,0
USR00138,复电,2026-04-28 09:00:00,成功,,0
USR00139,正常,2026-04-26 09:00:00,成功,,0
USR00140,正常,2026-05-13 09:00:00,成功,,0
USR00141,复电,2026-04-27 09:00:00,成功,,0
USR00142,停电,2026-05-11 09:00:00,成功,,0
USR00143,复电,2026-05-22 09:00:00,成功,,0
USR00144,复电,2026-05-02 09:00:00,成功,,0
USR00145,复电,2026-04-28 09:00:00,成功,,0
USR00146,正常,2026-05-09 09:00:00,成功,,0
USR00147,复电,2026-05-17 09:00:00,成功,,0
USR00148,复电,2026-05-04 09:00:00,成功,,0
USR00149,正常,2026-04-30 09:00:00,成功,,0
USR00150,正常,2026-05-03 09:00:00,成功,,0
USR00151,停电,2026-05-12 09:00:00,成功,,0
USR00152,停电,2026-05-11 09:00:00,成功,,0
USR00153,正常,2026-05-06 09:00:00,成功,,0
USR00154,复电,2026-05-17 09:00:00,成功,,0
USR00155,复电,2026-04-27 09:00:00,成功,,0
USR00156,复电,2026-05-19 09:00:00,成功,,0
USR00157,复电,2026-05-08 09:00:00,成功,,0
USR00158,正常,2026-04-27 09:00:00,成功,,0
USR00159,复电,2026-05-07 09:00:00,成功,,0
USR00160,正常,2026-04-30 09:00:00,成功,,0
USR00161,停电,2026-05-15 09:00:00,成功,,0
USR00162,正常,2026-05-09 09:00:00,成功,,0
USR00163,复电,2026-05-01 09:00:00,成功,,0
USR00164,正常,2026-04-26 09:00:00,成功,,0
USR00165,正常,2026-05-03 09:00:00,成功,,0
USR00166,正常,2026-05-15 09:00:00,成功,,0
USR00167,复电,2026-05-18 09:00:00,成功,,0
USR00168,复电,2026-04-27 09:00:00,成功,,0
USR00169,停电,2026-05-06 09:00:00,成功,,0
USR00170,复电,2026-05-17 09:00:00,成功,,0
USR00171,复电,2026-05-08 09:00:00,成功,,0
USR00172,停电,2026-05-19 09:00:00,成功,,0
USR00173,正常,2026-05-19 09:00:00,成功,,0
USR00174,正常,2026-04-25 09:00:00,成功,,0
USR00175,停电,2026-05-06 09:00:00,成功,,0
USR00176,正常,2026-05-15 09:00:00,成功,,0
USR00177,正常,2026-04-26 09:00:00,成功,,0
USR00178,正常,2026-04-23 09:00:00,成功,,0
USR00179,复电,2026-04-26 09:00:00,成功,,0
USR00180,复电,2026-04-30 09:00:00,成功,,0
USR00181,复电,2026-04-24 09:00:00,成功,,0
USR00182,停电,2026-05-17 09:00:00,成功,,0
USR00183,复电,2026-04-26 09:00:00,成功,,0
USR00184,正常,2026-05-12 09:00:00,成功,,0
USR00185,复电,2026-05-22 09:00:00,成功,,0
USR00186,复电,2026-05-22 09:00:00,成功,,0
USR00187,复电,2026-05-17 09:00:00,成功,,0
USR00188,复电,2026-04-29 09:00:00,成功,,0
USR00189,正常,2026-04-26 09:00:00,成功,,0
USR00190,正常,2026-05-19 09:00:00,成功,,0
USR00191,复电,2026-04-27 09:00:00,成功,,0
USR00192,复电,2026-04-30 09:00:00,成功,,0
USR00193,复电,2026-05-21 09:00:00,成功,,0
USR00194,正常,2026-05-01 09:00:00,成功,,0
USR00195,复电,2026-05-21 09:00:00,成功,,0
USR00196,正常,2026-05-15 09:00:00,成功,,0
USR00197,正常,2026-05-07 09:00:00,成功,,0
USR00198,正常,2026-04-25 09:00:00,成功,,0
USR00199,停电,2026-05-19 09:00:00,成功,,0
USR00200,正常,2026-05-12 09:00:00,成功,,0
USR00201,复电,2026-05-05 09:00:00,成功,,0
USR00202,停电,2026-04-30 09:00:00,成功,,0
USR00203,复电,2026-04-25 09:00:00,成功,,0
USR00204,复电,2026-05-08 09:00:00,成功,,0
USR00205,正常,2026-04-27 09:00:00,成功,,0
USR00206,正常,2026-05-04 09:00:00,成功,,0
USR00207,停电,2026-05-16 09:00:00,成功,,0
USR00208,复电,2026-05-05 09:00:00,成功,,0
USR00209,复电,2026-05-13 09:00:00,成功,,0
USR00210,复电,2026-05-20 09:00:00,失败,签名校验失败,3
USR00211,复电,2026-05-17 09:00:00,成功,,0
USR00212,复电,2026-05-13 09:00:00,成功,,0
USR00213,正常,2026-05-13 09:00:00,成功,,0
USR00214,正常,2026-05-06 09:00:00,成功,,0
USR00215,停电,2026-05-14 09:00:00,成功,,0
USR00216,正常,2026-04-27 09:00:00,成功,,0
USR00217,正常,2026-04-28 09:00:00,成功,,0
USR00218,复电,2026-04-26 09:00:00,成功,,0
USR00219,停电,2026-05-07 09:00:00,成功,,0
USR00220,复电,2026-05-07 09:00:00,成功,,0
USR00221,正常,2026-05-05 09:00:00,成功,,0
USR00222,复电,2026-04-30 09:00:00,成功,,0
USR00223,正常,2026-05-02 09:00:00,成功,,0
USR00224,复电,2026-05-14 09:00:00,成功,,0
USR00225,停电,2026-04-26 09:00:00,成功,,0
USR00226,正常,2026-05-20 09:00:00,成功,,0
USR00227,复电,2026-05-21 09:00:00,成功,,0
USR00228,正常,2026-04-27 09:00:00,成功,,0
USR00229,复电,2026-04-25 09:00:00,成功,,0
USR00230,停电,2026-05-13 09:00:00,成功,,0
USR00231,正常,2026-05-20 09:00:00,成功,,0
USR00232,复电,2026-05-15 09:00:00,成功,,0
USR00233,停电,2026-04-27 09:00:00,成功,,0
USR00234,停电,2026-05-09 09:00:00,成功,,0
USR00235,停电,2026-05-22 09:00:00,成功,,0
USR00236,停电,2026-04-28 09:00:00,成功,,0
USR00237,停电,2026-05-03 09:00:00,成功,,0
USR00238,复电,2026-04-24 09:00:00,成功,,0
USR00239,复电,2026-05-18 09:00:00,成功,,0
USR00240,正常,2026-05-07 09:00:00,成功,,0
USR00241,停电,2026-04-28 09:00:00,成功,,0
USR00242,复电,2026-05-14 09:00:00,成功,,0
USR00243,复电,2026-05-07 09:00:00,成功,,0
USR00244,正常,2026-04-23 09:00:00,成功,,0
USR00245,停电,2026-05-20 09:00:00,成功,,0
USR00246,复电,2026-05-14 09:00:00,成功,,0
USR00247,正常,2026-05-05 09:00:00,成功,,0
USR00248,正常,2026-04-27 09:00:00,成功,,0
USR00249,正常,2026-05-14 09:00:00,成功,,0
USR00250,停电,2026-05-21 09:00:00,成功,,0
USR00251,停电,2026-05-13 09:00:00,成功,,0
USR00252,复电,2026-05-21 09:00:00,成功,,0
USR00253,停电,2026-05-20 09:00:00,成功,,0
USR00254,停电,2026-05-14 09:00:00,成功,,0
USR00255,复电,2026-05-19 09:00:00,成功,,0
USR00256,停电,2026-05-17 09:00:00,成功,,0
USR00257,停电,2026-04-23 09:00:00,成功,,0
USR00258,正常,2026-05-19 09:00:00,成功,,0
USR00259,复电,2026-04-26 09:00:00,成功,,0
USR00260,正常,2026-05-12 09:00:00,成功,,0
USR00261,停电,2026-05-11 09:00:00,成功,,0
USR00262,停电,2026-05-16 09:00:00,成功,,0
USR00263,正常,2026-05-10 09:00:00,成功,,0
USR00264,复电,2026-05-13 09:00:00,成功,,0
USR00265,正常,2026-05-14 09:00:00,成功,,0
USR00266,正常,2026-04-30 09:00:00,成功,,0
USR00267,正常,2026-05-18 09:00:00,成功,,0
USR00268,停电,2026-04-27 09:00:00,成功,,0
USR00269,复电,2026-05-21 09:00:00,成功,,0
USR00270,复电,2026-05-20 09:00:00,成功,,0
USR00271,正常,2026-05-12 09:00:00,成功,,0
USR00272,复电,2026-05-01 09:00:00,成功,,0
USR00273,复电,2026-05-18 09:00:00,成功,,0
USR00274,正常,2026-05-05 09:00:00,成功,,0
USR00275,停电,2026-04-25 09:00:00,成功,,0
USR00276,复电,2026-05-05 09:00:00,成功,,0
USR00277,正常,2026-05-22 09:00:00,成功,,0
USR00278,复电,2026-05-20 09:00:00,成功,,0
USR00279,停电,2026-05-02 09:00:00,成功,,0
USR00280,复电,2026-05-18 09:00:00,成功,,0
USR00281,停电,2026-05-11 09:00:00,成功,,0
USR00282,复电,2026-05-02 09:00:00,成功,,0
USR00283,正常,2026-05-10 09:00:00,成功,,0
USR00284,停电,2026-05-18 09:00:00,成功,,0
USR00285,复电,2026-05-07 09:00:00,成功,,0
USR00286,正常,2026-05-17 09:00:00,成功,,0
USR00287,正常,2026-05-07 09:00:00,成功,,0
USR00288,停电,2026-05-13 09:00:00,成功,,0
USR00289,正常,2026-05-21 09:00:00,成功,,0
USR00290,复电,2026-05-13 09:00:00,成功,,0
USR00291,停电,2026-05-10 09:00:00,成功,,0
USR00292,正常,2026-05-17 09:00:00,成功,,0
USR00293,停电,2026-05-08 09:00:00,成功,,0
USR00294,复电,2026-05-22 09:00:00,成功,,0
USR00295,正常,2026-05-16 09:00:00,成功,,0
USR00296,复电,2026-05-05 09:00:00,成功,,0
USR00297,复电,2026-05-03 09:00:00,成功,,0
USR00298,正常,2026-05-16 09:00:00,成功,,0
USR00299,复电,2026-05-20 09:00:00,成功,,0
USR00300,复电,2026-05-08 09:00:00,成功,,0
USR00301,停电,2026-04-29 09:00:00,成功,,0
USR00302,停电,2026-05-03 09:00:00,成功,,0
USR00303,停电,2026-05-10 09:00:00,成功,,0
USR00304,正常,2026-05-07 09:00:00,成功,,0
USR00305,停电,2026-05-09 09:00:00,成功,,0
USR00306,正常,2026-05-13 09:00:00,成功,,0
USR00307,复电,2026-05-10 09:00:00,成功,,0
USR00308,复电,2026-04-26 09:00:00,成功,,0
USR00309,正常,2026-05-16 09:00:00,成功,,0
USR00310,停电,2026-05-10 09:00:00,成功,,0
USR00311,复电,2026-05-22 09:00:00,成功,,0
USR00312,正常,2026-05-03 09:00:00,成功,,0
USR00313,停电,2026-05-17 09:00:00,成功,,0
USR00314,停电,2026-05-14 09:00:00,成功,,0
USR00315,复电,2026-04-24 09:00:00,成功,,0
USR00316,停电,2026-05-13 09:00:00,成功,,0
USR00317,复电,2026-04-29 09:00:00,成功,,0
USR00318,停电,2026-04-27 09:00:00,成功,,0
USR00319,正常,2026-05-10 09:00:00,成功,,0
USR00320,停电,2026-05-11 09:00:00,成功,,0
USR00321,复电,2026-05-22 09:00:00,成功,,0
USR00322,复电,2026-04-25 09:00:00,成功,,0
USR00323,正常,2026-05-11 09:00:00,成功,,0
USR00324,正常,2026-04-30 09:00:00,成功,,0
USR00325,复电,2026-05-16 09:00:00,成功,,0
USR00326,停电,2026-04-28 09:00:00,成功,,0
USR00327,停电,2026-05-11 09:00:00,成功,,0
USR00328,正常,2026-05-13 09:00:00,成功,,0
USR00329,正常,2026-05-01 09:00:00,成功,,0
USR00330,正常,2026-05-20 09:00:00,成功,,0
USR00331,复电,2026-04-23 09:00:00,成功,,0
USR00332,正常,2026-05-15 09:00:00,成功,,0
USR00333,正常,2026-05-13 09:00:00,成功,,0
USR00334,停电,2026-05-13 09:00:00,成功,,0
USR00335,停电,2026-04-30 09:00:00,成功,,0
USR00336,复电,2026-04-23 09:00:00,成功,,0
USR00337,复电,2026-04-23 09:00:00,成功,,0
USR00338,正常,2026-05-06 09:00:00,成功,,0
USR00339,复电,2026-05-05 09:00:00,成功,,0
USR00340,正常,2026-04-23 09:00:00,成功,,0
USR00341,复电,2026-04-30 09:00:00,成功,,0
USR00342,复电,2026-04-30 09:00:00,成功,,0
USR00343,停电,2026-04-27 09:00:00,成功,,0
USR00344,复电,2026-05-07 09:00:00,成功,,0
USR00345,正常,2026-05-11 09:00:00,成功,,0
USR00346,复电,2026-05-13 09:00:00,成功,,0
USR00347,正常,2026-05-16 09:00:00,成功,,0
USR00348,正常,2026-05-16 09:00:00,成功,,0
USR00349,停电,2026-04-23 09:00:00,成功,,0
USR00350,复电,2026-05-12 09:00:00,成功,,0
USR00351,正常,2026-05-13 09:00:00,成功,,0
USR00352,复电,2026-05-22 09:00:00,成功,,0
USR00353,复电,2026-05-17 09:00:00,成功,,0
USR00354,正常,2026-05-06 09:00:00,成功,,0
USR00355,复电,2026-04-28 09:00:00,成功,,0
USR00356,停电,2026-05-13 09:00:00,成功,,0
USR00357,复电,2026-05-16 09:00:00,成功,,0
USR00358,正常,2026-05-01 09:00:00,成功,,0
USR00359,停电,2026-05-09 09:00:00,成功,,0
USR00360,停电,2026-04-26 09:00:00,成功,,0
USR00361,停电,2026-05-04 09:00:00,成功,,0
USR00362,复电,2026-05-09 09:00:00,成功,,0
USR00363,复电,2026-05-09 09:00:00,成功,,0
USR00364,正常,2026-05-02 09:00:00,成功,,0
USR00365,正常,2026-05-12 09:00:00,成功,,0
USR00366,正常,2026-05-01 09:00:00,成功,,0
USR00367,正常,2026-04-29 09:00:00,成功,,0
USR00368,停电,2026-05-12 09:00:00,成功,,0
USR00369,停电,2026-05-11 09:00:00,成功,,0
USR00370,正常,2026-04-27 09:00:00,成功,,0
USR00371,复电,2026-05-04 09:00:00,成功,,0
USR00372,停电,2026-05-19 09:00:00,成功,,0
USR00373,复电,2026-04-28 09:00:00,成功,,0
USR00374,停电,2026-05-20 09:00:00,成功,,0
USR00375,正常,2026-05-15 09:00:00,成功,,0
USR00376,停电,2026-05-17 09:00:00,成功,,0
USR00377,正常,2026-04-25 09:00:00,成功,,0
USR00378,正常,2026-05-20 09:00:00,成功,,0
USR00379,正常,2026-05-03 09:00:00,成功,,0
USR00380,正常,2026-05-20 09:00:00,成功,,0
USR00381,正常,2026-05-13 09:00:00,成功,,0
USR00382,停电,2026-04-26 09:00:00,成功,,0
USR00383,正常,2026-05-07 09:00:00,成功,,0
USR00384,正常,2026-05-12 09:00:00,成功,,0
USR00385,正常,2026-05-20 09:00:00,成功,,0
USR00386,停电,2026-05-21 09:00:00,成功,,0
USR00387,停电,2026-05-07 09:00:00,成功,,0
USR00388,正常,2026-04-24 09:00:00,成功,,0
USR00389,正常,2026-04-24 09:00:00,成功,,0
USR00390,复电,2026-05-07 09:00:00,成功,,0
USR00391,停电,2026-05-20 09:00:00,成功,,0
USR00392,停电,2026-05-21 09:00:00,成功,,0
USR00393,停电,2026-05-16 09:00:00,成功,,0
USR00394,正常,2026-05-13 09:00:00,成功,,0
USR00395,停电,2026-05-04 09:00:00,成功,,0
USR00396,正常,2026-05-12 09:00:00,成功,,0
USR00397,停电,2026-05-02 09:00:00,成功,,0
USR00398,复电,2026-05-06 09:00:00,成功,,0
USR00399,停电,2026-04-23 09:00:00,成功,,0
USR00400,停电,2026-04-29 09:00:00,成功,,0
USR00401,正常,2026-05-18 09:00:00,成功,,0
USR00402,停电,2026-05-02 09:00:00,成功,,0
USR00403,停电,2026-05-17 09:00:00,成功,,0
USR00404,停电,2026-05-21 09:00:00,成功,,0
USR00405,正常,2026-05-20 09:00:00,成功,,0
USR00406,复电,2026-05-18 09:00:00,成功,,0
USR00407,复电,2026-05-17 09:00:00,成功,,0
USR00408,停电,2026-05-19 09:00:00,成功,,0
USR00409,正常,2026-05-10 09:00:00,成功,,0
USR00410,停电,2026-05-07 09:00:00,成功,,0
USR00411,复电,2026-05-07 09:00:00,成功,,0
USR00412,停电,2026-04-30 09:00:00,成功,,0
USR00413,复电,2026-05-21 09:00:00,成功,,0
USR00414,复电,2026-04-24 09:00:00,成功,,0
USR00415,停电,2026-05-15 09:00:00,成功,,0
USR00416,复电,2026-05-15 09:00:00,成功,,0
USR00417,停电,2026-04-23 09:00:00,成功,,0
USR00418,正常,2026-04-27 09:00:00,成功,,0
USR00419,复电,2026-05-05 09:00:00,成功,,0
USR00420,停电,2026-05-17 09:00:00,成功,,0
USR00421,停电,2026-05-05 09:00:00,成功,,0
USR00422,复电,2026-04-23 09:00:00,成功,,0
USR00423,正常,2026-04-25 09:00:00,成功,,0
USR00424,复电,2026-05-21 09:00:00,成功,,0
USR00425,正常,2026-04-25 09:00:00,成功,,0
USR00426,停电,2026-05-16 09:00:00,成功,,0
USR00427,复电,2026-04-29 09:00:00,成功,,0
USR00428,正常,2026-05-02 09:00:00,成功,,0
USR00429,停电,2026-04-28 09:00:00,成功,,0
USR00430,复电,2026-05-19 09:00:00,成功,,0
USR00431,停电,2026-05-08 09:00:00,成功,,0
USR00432,停电,2026-05-02 09:00:00,成功,,0
USR00433,正常,2026-05-16 09:00:00,成功,,0
USR00434,停电,2026-05-21 09:00:00,成功,,0
USR00435,正常,2026-05-09 09:00:00,成功,,0
USR00436,正常,2026-04-26 09:00:00,成功,,0
USR00437,复电,2026-05-19 09:00:00,成功,,0
USR00438,正常,2026-05-08 09:00:00,成功,,0
USR00439,复电,2026-05-04 09:00:00,成功,,0
USR00440,正常,2026-05-04 09:00:00,成功,,0
USR00441,复电,2026-05-12 09:00:00,成功,,0
USR00442,复电,2026-05-06 09:00:00,成功,,0
USR00443,停电,2026-05-12 09:00:00,成功,,0
USR00444,复电,2026-05-22 09:00:00,成功,,0
USR00445,正常,2026-04-28 09:00:00,成功,,0
USR00446,复电,2026-05-16 09:00:00,成功,,0
USR00447,停电,2026-05-05 09:00:00,成功,,0
USR00448,正常,2026-05-02 09:00:00,成功,,0
USR00449,停电,2026-04-30 09:00:00,成功,,0
USR00450,停电,2026-04-25 09:00:00,成功,,0
USR00451,正常,2026-05-09 09:00:00,成功,,0
USR00452,复电,2026-04-23 09:00:00,成功,,0
USR00453,复电,2026-05-14 09:00:00,成功,,0
USR00454,复电,2026-04-30 09:00:00,成功,,0
USR00455,复电,2026-04-24 09:00:00,成功,,0
USR00456,复电,2026-05-20 09:00:00,成功,,0
USR00457,停电,2026-05-16 09:00:00,成功,,0
USR00458,复电,2026-05-19 09:00:00,成功,,0
USR00459,停电,2026-05-16 09:00:00,成功,,0
USR00460,正常,2026-05-15 09:00:00,成功,,0
USR00461,停电,2026-05-08 09:00:00,成功,,0
USR00462,停电,2026-04-28 09:00:00,成功,,0
USR00463,复电,2026-05-16 09:00:00,成功,,0
USR00464,正常,2026-04-27 09:00:00,成功,,0
USR00465,停电,2026-05-22 09:00:00,成功,,0
USR00466,正常,2026-05-04 09:00:00,成功,,0
USR00467,停电,2026-05-11 09:00:00,成功,,0
USR00468,正常,2026-05-14 09:00:00,成功,,0
USR00469,停电,2026-04-29 09:00:00,成功,,0
USR00470,停电,2026-04-24 09:00:00,成功,,0
USR00471,停电,2026-05-06 09:00:00,成功,,0
USR00472,停电,2026-05-02 09:00:00,成功,,0
USR00473,停电,2026-05-12 09:00:00,成功,,0
USR00474,正常,2026-05-01 09:00:00,成功,,0
USR00475,复电,2026-05-04 09:00:00,成功,,0
USR00476,正常,2026-05-06 09:00:00,成功,,0
USR00477,正常,2026-05-11 09:00:00,成功,,0
USR00478,复电,2026-05-08 09:00:00,成功,,0
USR00479,复电,2026-05-21 09:00:00,成功,,0
USR00480,停电,2026-05-22 09:00:00,成功,,0
USR00481,复电,2026-05-09 09:00:00,成功,,0
USR00482,复电,2026-05-17 09:00:00,成功,,0
USR00483,停电,2026-05-13 09:00:00,成功,,0
USR00484,停电,2026-05-10 09:00:00,成功,,0
USR00485,复电,2026-05-01 09:00:00,成功,,0
USR00486,正常,2026-05-01 09:00:00,成功,,0
USR00487,复电,2026-05-06 09:00:00,成功,,0
USR00488,复电,2026-05-22 09:00:00,成功,,0
USR00489,复电,2026-04-28 09:00:00,成功,,0
USR00490,正常,2026-05-05 09:00:00,成功,,0
USR00491,正常,2026-05-10 09:00:00,成功,,0
USR00492,复电,2026-04-25 09:00:00,成功,,0
USR00493,正常,2026-05-03 09:00:00,成功,,0
USR00494,复电,2026-04-24 09:00:00,成功,,0
USR00495,复电,2026-05-22 09:00:00,成功,,0
USR00496,复电,2026-04-24 09:00:00,成功,,0
USR00497,正常,2026-05-19 09:00:00,成功,,0
USR00498,停电,2026-05-07 09:00:00,成功,,0
USR00499,停电,2026-05-16 09:00:00,成功,,0
USR00500,复电,2026-05-22 09:00:00,成功,,0
